,rh,e1,e2,bmp.(Intercept),gmp.(Intercept),sigsq,rh,e1,e2,bmp.(Intercept),gmp.(Intercept),sigsq
result.1,0.258790437,0.439492471,0.89850936,0.544627543,0.971354207,1.061480658,1,1,1,1,1,1
result.2,0.210428063,0.316057036,0.549419433,0.685881418,1.040199577,1.040389389,1,1,1,1,1,1
result.3,0.075412434,0.652318345,1.043344905,0.537995962,0.989800678,0.93615176,1,0,1,1,1,1
result.4,0.179055991,0.56148056,1.189624064,0.46051517,1.028189496,1.002349809,1,1,1,1,1,1
result.5,0.281686731,0.430624146,1.816761469,0.498759581,1.030573658,0.999866707,1,1,0,1,1,1
result.6,0.292835266,0.540773302,0.88033041,0.632454444,0.96345049,1.043651611,1,1,1,1,1,1
result.7,0.166480684,0.488234127,1.603081629,0.523514124,0.988419441,1.000443583,1,1,1,1,1,1
result.8,0.198892813,0.331425877,1.198521309,0.48199455,0.948099542,1.023932839,1,1,1,1,1,1
result.9,0.259079306,0.502778102,1.079033694,0.514932382,1.053943034,0.984300223,1,1,1,1,1,1
result.10,0.241096391,0.527936161,0.447956869,0.411567799,0.89326877,0.994265963,1,1,1,1,0,1
result.11,0.287046488,0.369858371,1.474215124,0.517323252,0.967500618,0.964736035,1,1,1,1,1,1
result.12,0.135299895,0.521312232,0.268184381,0.443541379,1.049191721,0.999752379,1,1,1,1,1,1
result.13,0.157868423,0.514136516,0.511575386,0.441980368,1.027151199,0.959989012,1,1,1,1,1,1
result.14,0.151231186,0.539928017,1.555730565,0.52046505,1.034832888,0.983372295,1,1,1,1,1,1
result.15,0.215682819,0.380946708,0.503326048,0.486130596,0.953738953,0.978084029,1,1,1,1,1,1
result.16,0.220020515,0.435111496,1.167766164,0.485550988,1.076169059,0.904100918,1,1,1,1,1,0
result.17,0.232990997,0.51976519,1.136024719,0.470850492,1.043628936,0.870014115,1,1,1,1,1,0
result.18,0.259291638,0.47180438,0.513277936,0.529833831,1.060583619,0.949695911,1,1,1,1,1,1
result.19,0.254145065,0.552196628,1.717116423,0.465342347,0.931849658,0.94981941,1,1,0,1,1,1
result.20,0.150601039,0.639865231,0.387028958,0.529667946,0.986726791,1.107355362,1,0,1,1,1,1
result.21,0.304725459,0.49418102,0.802220244,0.346415858,0.953574632,1.062307244,1,1,1,0,1,1
result.22,0.109754337,0.580480846,1.147082967,0.59242163,0.980358672,0.932180349,1,1,1,1,1,1
result.23,0.18408836,0.573646229,0.667919419,0.391905339,0.912197621,0.917370412,1,1,1,1,1,1
result.24,0.164171712,0.387675481,1.427722665,0.605353821,1.001932679,0.931950024,1,1,1,1,1,1
result.25,0.181094386,0.547934608,0.347376159,0.537200278,0.931560428,1.039078876,1,1,1,1,1,1
result.26,0.200953403,0.695698391,0.806693604,0.498763582,1.077023604,0.92846934,1,0,1,1,1,1
result.27,0.325755838,0.576196136,0.741792298,0.475906393,0.978827575,0.949801982,1,1,1,1,1,1
result.28,0.211435421,0.426858835,1.075341485,0.558112866,0.995666553,1.036033,1,1,1,1,1,1
result.29,0.219766703,0.461567826,1.344596043,0.483144249,0.911588493,1.047758445,1,1,1,1,1,1
result.30,0.213084163,0.44462863,1.411110959,0.589062944,1.108168224,0.96315289,1,1,1,1,0,1
result.31,0.242946998,0.485452264,0.798089675,0.599955592,0.958649701,0.967788373,1,1,1,1,1,1
result.32,0.179387234,0.565962404,0.127414619,0.431992324,0.957905459,0.939886665,1,1,0,1,1,1
result.33,0.314098297,0.576713692,0.724666085,0.45206732,0.991102846,0.990672184,1,1,1,1,1,1
result.34,0.219512892,0.587937279,0.903662433,0.436446133,0.96813823,0.925886763,1,1,1,1,1,1
result.35,0.201777929,0.432286925,1.167428732,0.499229439,1.084720993,0.871612139,1,1,1,1,1,0
result.36,0.17634795,0.464659461,1.55659835,0.550084536,1.005510428,0.959547506,1,1,1,1,1,1
result.37,0.192436528,0.478741839,1.074096277,0.598679671,1.008846399,0.996185866,1,1,1,1,1,1
result.38,0.259316814,0.472404693,0.246295117,0.392279838,0.928368402,1.056353038,1,1,1,1,1,1
result.39,0.068829271,0.521357322,0.934820381,0.466010403,0.938735878,1.001707087,1,1,1,1,1,1
result.40,0.244434459,0.556999048,1.085834084,0.526537691,1.024342414,1.039232361,1,1,1,1,1,1
result.41,0.194915223,0.487719078,0.428025209,0.44877471,1.044538644,1.012752359,1,1,1,1,1,1
result.42,0.20907162,0.454604431,0.534941627,0.503043754,0.957233995,1.0795301,1,1,1,1,1,1
result.43,0.144629989,0.379737221,1.055877717,0.583490376,0.906906289,0.99382369,1,1,1,1,1,1
result.44,0.215766791,0.349672,1.760542101,0.510563646,0.922622875,1.005068859,1,1,1,1,1,1
result.45,0.258439121,0.415711751,0.884881841,0.619030159,1.022996458,1.084015861,1,1,1,1,1,1
result.46,0.136084382,0.60926666,1.187645979,0.527104482,1.002493497,0.905816787,1,1,1,1,1,1
result.47,0.107284478,0.518549402,0.888012841,0.356677919,0.985208389,1.041270566,1,1,1,0,1,1
result.48,0.208071287,0.444579459,0.907600106,0.529225249,1.024321718,1.027907055,1,1,1,1,1,1
result.49,0.268804427,0.503947385,1.20980773,0.570076702,1.032945007,0.980825715,1,1,1,1,1,1
result.50,0.300760276,0.546351872,0.868576733,0.423619876,0.999240293,0.982655396,1,1,1,1,1,1
result.51,0.176406383,0.394809884,1.32477545,0.518396554,1.035972625,0.979492869,1,1,1,1,1,1
result.52,0.296265907,0.507456435,1.629697034,0.642433083,1.084590261,1.089544304,1,1,1,1,1,1
result.53,0.376900498,0.511708174,0.658297996,0.635194298,0.968968115,0.979948281,0,1,1,1,1,1
result.54,0.268343249,0.428638952,1.765760196,0.448305999,0.954861429,1.004542419,1,1,0,1,1,1
result.55,0.389386421,0.428229133,1.198356057,0.514882757,1.014618543,1.033074478,0,1,1,1,1,1
result.56,0.149252487,0.506865898,1.209987901,0.539890265,1.067681159,1.000690356,1,1,1,1,1,1
result.57,0.193315001,0.490848607,1.114537713,0.47341166,0.999222259,1.00303366,1,1,1,1,1,1
result.58,0.257515185,0.568694663,0.836834117,0.43120802,1.08668207,0.925478088,1,1,1,1,1,1
result.59,0.192340855,0.488424302,1.090384229,0.331671255,1.007419117,1.014657457,1,1,1,0,1,1
result.60,0.121046138,0.557105898,1.570933489,0.550820279,0.991935929,1.014122218,1,1,1,1,1,1
result.61,0.232756264,0.516657283,1.676836324,0.571058472,1.042303029,0.920317966,1,1,1,1,1,1
result.62,0.206043941,0.505712581,1.402668892,0.447448187,0.95463948,0.922915858,1,1,1,1,1,1
result.63,0.242231863,0.629655857,0.980215603,0.474478458,0.944889251,0.902821426,1,1,1,1,1,1
result.64,0.253550827,0.563211026,0.523567887,0.515946692,1.023069791,1.071993592,1,1,1,1,1,1
result.65,0.266979521,0.50931912,1.238171365,0.552849838,1.012835777,1.034288618,1,1,1,1,1,1
result.66,0.269573061,0.588343425,0.441294869,0.337432646,0.984293957,0.966056321,1,1,1,0,1,1
result.67,0.054265503,0.607560354,1.554740047,0.526959406,1.020394086,0.889001727,0,1,1,1,1,0
result.68,0.0953557,0.556088297,1.375980623,0.579932903,1.022869424,0.953922951,1,1,1,1,1,1
result.69,0.119114473,0.489004932,1.564099816,0.476139564,0.998782996,1.011226186,1,1,1,1,1,1
result.70,0.168857525,0.548641425,1.129265005,0.527750703,1.106983356,0.905354674,1,1,1,1,1,0
result.71,0.224486532,0.579075181,1.104317821,0.486254857,0.979931824,0.992072664,1,1,1,1,1,1
result.72,0.08586582,0.448865138,1.106254038,0.516405155,1.000015352,0.975659592,1,1,1,1,1,1
result.73,0.261106807,0.498761762,0.814598563,0.417770506,0.953114524,0.98674193,1,1,1,1,1,1
result.74,0.308934241,0.511654516,0.609714983,0.646910019,1.095211935,1.030998237,1,1,1,1,1,1
result.75,0.187869033,0.478847302,1.797845226,0.440857532,0.942766702,0.949375217,1,1,1,1,1,1
result.76,0.095238825,0.461330953,1.627614513,0.594949741,1.023288112,0.954161944,1,1,1,1,1,1
result.77,0.222641021,0.513045114,2.173040779,0.651498591,1.0096121,1.002869931,1,1,0,1,1,1
result.78,0.157123292,0.571252106,1.930922661,0.4229514,1.016465416,1.027845634,1,1,0,1,1,1
result.79,0.068490428,0.374954791,0.720702825,0.558189523,1.045717511,1.024179587,1,1,1,1,1,1
result.80,0.172091687,0.504059212,1.367567042,0.485853259,0.93924633,1.041410316,1,1,1,1,1,1
result.81,0.170752514,0.573386493,0.513925271,0.687361889,0.977955338,0.82638759,1,1,1,1,1,0
result.82,0.345809705,0.38144972,1.3438689,0.504235567,1.034204403,1.068713649,0,1,1,1,1,1
result.83,0.180397774,0.496775148,1.282650165,0.40622551,0.973455149,0.96136776,1,1,1,1,1,1
result.84,0.270470119,0.461957994,1.031641699,0.405948894,1.04671498,1.036748703,1,1,1,1,1,1
result.85,0.259671192,0.5896474,1.115498685,0.47157297,0.962973789,0.978016024,1,1,1,1,1,1
result.86,0.249604256,0.557366443,0.84632618,0.668784307,1.001762329,0.925049854,1,1,1,1,1,1
result.87,0.184931081,0.582598134,1.335410915,0.544225079,1.132275648,1.030375295,1,1,1,1,0,1
result.88,0.306392858,0.482263109,0.957766121,0.523893637,0.896871231,0.963750845,1,1,1,1,0,1
result.89,0.222708456,0.590221793,1.562284516,0.564886014,1.024884974,0.966399461,1,1,1,1,1,1
result.90,0.205621325,0.487633395,1.331055521,0.558076963,0.951721092,0.900356784,1,1,1,1,1,0
result.91,0.231960359,0.37438374,0.603904547,0.550098863,1.036244274,0.968750785,1,1,1,1,1,1
result.92,0.16128879,0.427142494,1.283916242,0.451408352,0.972427664,0.973251272,1,1,1,1,1,1
result.93,0.30728118,0.39799668,0.389864374,0.651443414,1.02491283,1.021940618,1,1,1,1,1,1
result.94,0.235230338,0.538587351,0.70177037,0.379991524,0.997580814,1.027841468,1,1,1,1,1,1
result.95,0.263723761,0.589012404,1.168980083,0.782100269,1.018010787,0.935820665,1,1,1,0,1,1
result.96,0.142732732,0.277029894,1.341334788,0.517657113,0.988686623,1.022588277,1,0,1,1,1,1
result.97,0.171265645,0.695140713,1.04797201,0.50471201,1.023656893,0.938257117,1,0,1,1,1,1
result.98,0.21895262,0.5802965,0.315607723,0.588710013,1.048306475,1.079949075,1,1,1,1,1,1
result.99,0.077762123,0.337882201,1.002478928,0.671871789,1.096777098,0.958371944,1,1,1,0,0,1
result.100,0.241666514,0.390012639,1.507082304,0.454687534,1.005844795,0.972079418,1,1,1,1,1,1
result.101,0.120214298,0.540305526,1.346447978,0.470862586,0.95726913,0.971458267,1,1,1,1,1,1
result.102,0.246387953,0.458824563,1.125376924,0.484087338,1.061008335,0.89903373,1,1,1,1,1,1
result.103,0.086865558,0.500098594,1.616727049,0.584785191,0.936651214,0.980202068,1,1,1,1,1,1
result.104,0.19741285,0.444153776,0.948939129,0.455174755,0.977544648,0.939408918,1,1,1,1,1,1
result.105,0.36993641,0.476905618,0.153690659,0.561668758,1.015592146,0.953860753,0,1,0,1,1,1
result.106,0.231944057,0.540391607,1.172656729,0.510765073,1.025229572,1.02765296,1,1,1,1,1,1
result.107,0.256475578,0.375362479,0.111056669,0.492843231,1.022122206,1.030453889,1,1,1,1,1,1
result.108,0.298961673,0.468111,1.037966838,0.51030567,1.014216563,1.034348766,1,1,1,1,1,1
result.109,0.187209872,0.438962497,0.308047547,0.516301376,1.086462123,0.976486205,1,1,1,1,0,1
result.110,0.182690985,0.57486558,0.664113592,0.463199725,0.905184521,0.94055935,1,1,1,1,1,1
result.111,0.134036028,0.593661882,1.215502989,0.591484506,1.12642598,0.949822951,1,1,1,1,0,1
result.112,0.222026211,0.594985565,-0.057974552,0.484304777,1.015640198,1.053975491,1,1,0,1,1,1
result.113,0.302655072,0.487117988,0.966979632,0.357013544,1.043013246,0.967555004,1,1,1,1,1,1
result.114,0.243433988,0.352179478,0.364076367,0.516253489,0.932423014,0.984194241,1,1,1,1,1,1
result.115,0.229659428,0.475216249,0.461132256,0.306514395,1.046481652,1.016297421,1,1,1,0,1,1
result.116,0.199214435,0.467331981,1.044926925,0.459380749,0.98235226,1.045214752,1,1,1,1,1,1
result.117,0.167868381,0.499787632,0.473468692,0.492916616,0.908747878,1.135597998,1,1,1,1,1,0
result.118,0.202535279,0.621371106,1.805467657,0.54980272,1.008008291,0.984627293,1,1,1,1,1,1
result.119,0.244272946,0.467459416,0.59688706,0.441173051,1.087014145,1.113651443,1,1,1,1,1,0
result.120,0.052849683,0.495439975,0.91475762,0.481091466,0.914150009,0.917669996,0,1,1,1,0,0
result.121,0.097590731,0.385923613,0.584535676,0.495562588,1.024844013,0.987871273,1,1,1,1,1,1
result.122,0.123267954,0.300761534,0.586408389,0.516454588,1.001523783,1.049541833,1,0,1,1,1,1
result.123,0.208703211,0.708235022,0.636224417,0.703868797,1.003777631,1.013289956,1,0,1,0,1,1
result.124,0.138559917,0.508465757,0.901131485,0.558026815,0.982667294,0.931608147,1,1,1,1,1,1
result.125,0.180846259,0.658427661,0.640866424,0.461517124,1.009459509,0.883453636,1,0,1,1,1,0
result.126,0.112789498,0.513813369,0.844196226,0.354678427,0.94068903,1.093017391,1,1,1,1,1,1
result.127,0.180528288,0.538315491,0.897736313,0.574029679,1.02902167,1.019053755,1,1,1,1,1,1
result.128,0.082921216,0.519851852,0.607834512,0.505930723,1.008214849,0.99290914,1,1,1,1,1,1
result.129,0.197062169,0.336292521,0.689759929,0.555773016,0.961079375,1.130654813,1,1,1,1,1,0
result.130,0.17569382,0.476232095,1.170645872,0.349168152,1.040508424,0.913343376,1,1,1,1,1,1
result.131,0.208196144,0.49160597,1.165380447,0.53998295,0.976803642,0.976282069,1,1,1,1,1,1
result.132,0.117342677,0.362163502,0.922245077,0.55260184,1.019298896,1.012023545,1,1,1,1,1,1
result.133,0.145204263,0.425923957,0.802506154,0.532799035,1.02046726,1.008682893,1,1,1,1,1,1
result.134,0.170409603,0.626388608,0.99180956,0.622827725,1.006543922,0.961009382,1,0,1,1,1,1
result.135,0.175425299,0.630405646,0.83816961,0.449160126,1.022844439,0.929808098,1,0,1,1,1,1
result.136,0.240861211,0.41787279,0.954586936,0.469157157,1.009846475,1.080319325,1,1,1,1,1,1
result.137,0.159078164,0.297754158,0.718683627,0.733598313,0.978501435,1.012428634,1,0,1,0,1,1
result.138,0.215750615,0.417707775,1.130543288,0.471647006,1.019830376,0.972829528,1,1,1,1,1,1
result.139,0.22697727,0.558858929,1.505650412,0.415258974,0.978733882,0.993159035,1,1,1,1,1,1
result.140,0.199858109,0.346103062,0.919074502,0.571195919,1.112018443,1.033597334,1,1,1,1,0,1
result.141,0.228095162,0.466047023,1.061800234,0.338707292,1.003604158,1.063623924,1,1,1,0,1,1
result.142,0.29000834,0.307133041,0.879030108,0.553714522,1.014548007,1.055231626,1,1,1,1,1,1
result.143,0.108737336,0.652802768,0.351239747,0.603115046,1.031756634,0.974990624,1,0,1,1,1,1
result.144,0.169473801,0.473047115,1.202088315,0.492816896,0.968688729,0.968270549,1,1,1,1,1,1
result.145,0.229242753,0.54099393,0.77503245,0.475166416,1.040452717,0.949097054,1,1,1,1,1,1
result.146,0.081973352,0.646120574,0.102528105,0.440585222,0.997075629,0.957527399,1,0,0,1,1,1
result.147,0.042666305,0.47483938,1.041033502,0.459638555,0.964061807,1.000403439,0,1,1,1,1,1
result.148,0.181136817,0.560002704,1.097810242,0.55381036,1.030680781,1.002528026,1,1,1,1,1,1
result.149,0.246190366,0.53713757,1.040851994,0.472714504,0.949194184,1.0595833,1,1,1,1,1,1
result.150,0.181867523,0.527967502,0.733265497,0.429595462,1.029096951,1.011604111,1,1,1,1,1,1
result.151,0.142851968,0.475974143,0.551651827,0.530092378,0.988204788,1.058535944,1,1,1,1,1,1
result.152,0.073298673,0.547915853,0.958077395,0.491375832,0.891322121,0.953071315,1,1,1,1,0,1
result.153,0.272579065,0.573094364,0.677525932,0.454458131,1.013740392,0.963629011,1,1,1,1,1,1
result.154,0.139243786,0.248383724,0.506014125,0.532816837,1.016903918,0.990168032,1,0,1,1,1,1
result.155,0.178124872,0.49220736,1.306150502,0.492055825,1.034297462,0.990748438,1,1,1,1,1,1
result.156,0.188955018,0.506024969,1.112005633,0.507356904,0.988015207,0.83492228,1,1,1,1,1,0
result.157,0.159817316,0.475482637,1.388078685,0.40424232,0.989945822,0.951865213,1,1,1,1,1,1
result.158,0.174461837,0.420126304,1.364326611,0.630362246,1.004664752,1.093253109,1,1,1,1,1,1
result.159,0.198553218,0.467056686,0.024021491,0.430688994,1.056873549,0.97114986,1,1,0,1,1,1
result.160,0.218055328,0.602191144,0.461320566,0.541307361,1.050542881,0.907986785,1,1,1,1,1,0
result.161,0.160089896,0.533526991,1.47562431,0.51532967,1.065178293,1.035387889,1,1,1,1,1,1
result.162,0.23662719,0.491146483,0.656109112,0.521303215,1.077640711,1.015784132,1,1,1,1,1,1
result.163,0.097002449,0.567828523,-0.140488449,0.427176426,1.021930364,0.937633654,1,1,0,1,1,1
result.164,0.244713104,0.579528632,0.894795681,0.474327423,1.037839654,0.997688826,1,1,1,1,1,1
result.165,0.205098749,0.395080483,1.428239409,0.688668109,1.062089558,0.976353362,1,1,1,0,1,1
result.166,0.273937708,0.448077819,1.344330721,0.602297326,1.003504373,1.0503147,1,1,1,1,1,1
result.167,0.158920305,0.517757514,1.264972277,0.476885801,0.990662558,0.929089681,1,1,1,1,1,1
result.168,0.226647579,0.503567186,0.481521062,0.441514241,1.012510017,0.992068882,1,1,1,1,1,1
result.169,0.098985711,0.493661681,0.820356649,0.511320207,0.946984857,0.969963118,1,1,1,1,1,1
result.170,0.200778158,0.440882026,0.709215984,0.531411224,0.98619083,0.914060277,1,1,1,1,1,1
result.171,0.183718964,0.577198538,0.446167666,0.526770044,0.952221873,0.912196291,1,1,1,1,1,1
result.172,0.381565574,0.383059844,1.440117966,0.475687428,1.061798884,1.138559743,0,1,1,1,1,0
result.173,0.135306599,0.479852744,1.488380073,0.477890615,0.964184338,1.008589108,1,1,1,1,1,1
result.174,0.22485976,0.436409944,1.225796847,0.585443549,0.987903214,0.986678054,1,1,1,1,1,1
result.175,0.227130426,0.456074873,1.125997624,0.640738003,0.975592205,1.066440767,1,1,1,1,1,1
result.176,0.304518355,0.478826686,0.878748902,0.393313394,1.060831924,0.929993798,1,1,1,1,1,1
result.177,0.169725802,0.563001415,0.685021372,0.541317741,0.988891859,1.031010071,1,1,1,1,1,1
result.178,0.22212725,0.493491297,0.650874517,0.497209953,0.936915615,1.033129125,1,1,1,1,1,1
result.179,0.222420102,0.546618132,1.364006992,0.548941727,1.041256754,1.009009415,1,1,1,1,1,1
result.180,0.115525614,0.486717514,1.273849645,0.515814471,0.977499556,1.008005508,1,1,1,1,1,1
result.181,0.152571107,0.46127868,0.819621269,0.324404786,0.983932535,0.935948467,1,1,1,0,1,1
result.182,0.195246901,0.604592201,0.872754093,0.358194796,0.980702343,0.877776121,1,1,1,1,1,0
result.183,0.299471013,0.484687304,1.219034445,0.560195359,1.061665899,1.037326545,1,1,1,1,1,1
result.184,0.242761634,0.614890251,0.659682095,0.43606966,0.963991441,0.929896162,1,1,1,1,1,1
result.185,0.183833866,0.463909022,1.023489284,0.624950318,1.070209678,1.074725746,1,1,1,1,1,1
result.186,0.291821297,0.564668831,0.532592103,0.451470452,0.994548932,0.956835496,1,1,1,1,1,1
result.187,0.178919267,0.538510673,1.346739302,0.448060482,1.068856133,1.034610063,1,1,1,1,1,1
result.188,0.315010373,0.447109111,1.10111087,0.458246948,1.03830533,1.034836844,1,1,1,1,1,1
result.189,0.28609913,0.561716727,0.248980466,0.487406097,0.950317502,1.032639047,1,1,1,1,1,1
result.190,0.397662453,0.5543692,1.43471213,0.760151136,1.138543822,0.993081321,0,1,1,1,0,1
result.191,0.205595327,0.562516381,0.521712078,0.394759468,1.032501257,1.094722339,1,1,1,1,1,1
result.192,0.238169284,0.524076523,0.778948122,0.580985596,0.967969303,0.94701171,1,1,1,1,1,1
result.193,0.093860172,0.650572512,1.192742523,0.417721914,0.961292357,1.014436221,1,0,1,1,1,1
result.194,0.241127678,0.466682264,1.783190357,0.471003096,0.998378529,0.967557342,1,1,1,1,1,1
result.195,0.348850725,0.333016968,0.635651006,0.457037965,0.994060448,0.978605363,0,1,1,1,1,1
result.196,0.33346467,0.465268426,0.332220127,0.547384692,1.078827107,0.956376741,1,1,1,1,1,1
result.197,0.174731303,0.299128911,1.390713746,0.701385223,0.984392534,0.962910907,1,0,1,0,1,1
result.198,0.293259436,0.413110265,1.31281849,0.571807367,0.984298287,0.96478602,1,1,1,1,1,1
result.199,0.119884739,0.445669803,0.559268087,0.558793662,0.959697779,1.022617799,1,1,1,1,1,1
result.200,0.206030289,0.587884881,1.049856933,0.731098601,1.027765296,0.965526389,1,1,1,0,1,1
result.201,0.333029488,0.485068009,1.01087944,0.642229004,1.012765491,1.047114264,0,1,1,1,1,1
result.202,0.20551894,0.349527097,1.171360396,0.356193547,0.91533089,0.966314735,1,1,1,1,1,1
result.203,0.198231494,0.533405067,0.753758274,0.581756498,1.042022431,1.01490008,1,1,1,1,1,1
result.204,0.198261886,0.487479367,0.448059679,0.459104601,0.979149423,0.958573095,1,1,1,1,1,1
result.205,0.246349088,0.572495135,1.221569939,0.551470743,0.943783514,1.025597653,1,1,1,1,1,1
result.206,0.037768312,0.506573162,0.722279539,0.46768135,1.038091671,1.018780368,0,1,1,1,1,1
result.207,0.07415176,0.530895413,0.66577308,0.504948554,0.979454471,1.017361191,1,1,1,1,1,1
result.208,0.218451091,0.530987765,1.422713021,0.605625495,0.979956938,0.960481092,1,1,1,1,1,1
result.209,0.2294466,0.425197423,1.082165606,0.397525297,0.991015331,1.035091735,1,1,1,1,1,1
result.210,0.190405609,0.479593315,1.570608357,0.601405317,1.058493985,1.029853856,1,1,1,1,1,1
result.211,0.184977244,0.505838443,1.273199809,0.446558333,0.981483252,1.098818732,1,1,1,1,1,1
result.212,0.109661023,0.570517752,0.402932277,0.619877322,1.038832324,1.02264044,1,1,1,1,1,1
result.213,0.198024666,0.414087621,0.785720947,0.402611029,0.892420442,0.98764264,1,1,1,1,0,1
result.214,0.298349041,0.482582944,1.19026691,0.606969075,1.020598237,1.078254342,1,1,1,1,1,1
result.215,0.260241258,0.46520855,1.17063336,0.488421458,0.962379366,0.974270582,1,1,1,1,1,1
result.216,0.17967544,0.589307434,0.574127651,0.589192104,1.038110082,1.009422381,1,1,1,1,1,1
result.217,0.200467859,0.393808224,0.591184589,0.463222278,0.994141045,0.928439919,1,1,1,1,1,1
result.218,0.16506157,0.491550349,1.402098004,0.492007925,1.093025474,1.008053641,1,1,1,1,0,1
result.219,0.24706793,0.667057003,0.904887512,0.550340377,0.984444283,0.912288709,1,0,1,1,1,1
result.220,0.165267267,0.456768747,0.31788049,0.525936496,0.932018371,0.972522159,1,1,1,1,1,1
result.221,0.310688833,0.44483015,0.50561641,0.563556103,0.99757036,0.992080005,1,1,1,1,1,1
result.222,0.105390133,0.551406104,1.81516072,0.448243586,0.921635276,1.049719061,1,1,0,1,1,1
result.223,0.25620839,0.427275001,1.290928773,0.486419523,1.095478652,1.047876077,1,1,1,1,1,1
result.224,0.200808977,0.512498463,0.47472326,0.518477834,1.097061004,0.890354334,1,1,1,1,0,0
result.225,0.259325391,0.518547894,0.907258911,0.57639965,1.061453814,1.059643446,1,1,1,1,1,1
result.226,0.20925479,0.512747261,1.488737579,0.501943327,1.052330375,0.963518391,1,1,1,1,1,1
result.227,0.140048229,0.58105011,0.037796824,0.519813122,1.023058671,1.007980433,1,1,0,1,1,1
result.228,0.172717859,0.566579084,1.177099164,0.458900809,0.999198737,0.928772268,1,1,1,1,1,1
result.229,0.145240007,0.500034154,0.193825631,0.509716138,0.97962928,0.98166464,1,1,1,1,1,1
result.230,0.244420003,0.405413464,0.272095887,0.496378092,0.951138126,1.04048545,1,1,1,1,1,1
result.231,0.286638971,0.420105215,0.896458756,0.540184749,1.018426633,1.053622487,1,1,1,1,1,1
result.232,0.219520569,0.554461421,1.012986662,0.527189982,1.034047202,0.976913078,1,1,1,1,1,1
result.233,0.130551449,0.483967499,1.553958342,0.620292415,1.026901667,0.882727682,1,1,1,1,1,0
result.234,0.250024993,0.497836257,0.844985033,0.359773361,0.949332593,0.951027129,1,1,1,1,1,1
result.235,0.241540352,0.458351411,0.608869924,0.309163537,0.984638637,1.01776763,1,1,1,0,1,1
result.236,0.180269409,0.497258719,1.484092542,0.542247461,0.999033349,0.998351169,1,1,1,1,1,1
result.237,0.20041186,0.497350905,0.845982209,0.432362097,0.954706547,1.027592702,1,1,1,1,1,1
result.238,0.148515395,0.59568278,1.143145648,0.519825107,1.044942094,1.037722628,1,1,1,1,1,1
result.239,0.115266874,0.552457027,1.348798809,0.481544829,0.944449587,1.058736149,1,1,1,1,1,1
result.240,0.151975452,0.523786605,0.264685792,0.382631389,0.905122329,1.007977204,1,1,1,1,1,1
result.241,0.195598506,0.447827795,0.31086357,0.447759131,0.990290033,0.959958208,1,1,1,1,1,1
result.242,0.159156152,0.434037294,0.309974689,0.471948593,0.974574392,0.939911511,1,1,1,1,1,1
result.243,0.156007982,0.544083168,1.036456984,0.359398169,0.764263928,1.00369204,1,1,1,1,0,1
result.244,0.237133722,0.529808687,0.909304421,0.409602485,0.933090725,1.100701501,1,1,1,1,1,0
result.245,0.155309165,0.428787768,0.989043315,0.496891328,1.026759416,0.971467022,1,1,1,1,1,1
result.246,0.244438165,0.542768658,1.5407832,0.571074621,1.014310172,1.025084115,1,1,1,1,1,1
result.247,0.378201149,0.591816897,0.986313934,0.691544786,1.033729656,0.993111313,0,1,1,1,1,1
result.248,0.25658674,0.356882795,0.294956699,0.807385564,1.046121766,0.955509326,1,1,1,0,1,1
result.249,0.22469601,0.505738594,1.23600115,0.514144579,1.010318067,0.927093605,1,1,1,1,1,1
result.250,0.209132037,0.565674142,0.124166965,0.365015195,1.011376884,0.879657925,1,1,1,1,1,0
result.251,0.153342698,0.490619375,0.641151995,0.458015812,1.151124202,0.998780866,1,1,1,1,0,1
result.252,0.281879265,0.445822701,0.678582146,0.445173375,1.020330822,0.978548435,1,1,1,1,1,1
result.253,0.133748896,0.638501414,1.055683147,0.430212007,1.033987146,1.014368031,1,0,1,1,1,1
result.254,0.179575197,0.484609177,0.665873128,0.48090839,0.968160609,0.996518616,1,1,1,1,1,1
result.255,0.321994143,0.49274522,0.564306963,0.535243744,0.925409991,1.032654752,1,1,1,1,1,1
result.256,0.174818017,0.417108747,1.241789889,0.429031708,0.988943971,0.990502082,1,1,1,1,1,1
result.257,0.161297778,0.39945483,1.068201696,0.520194266,1.025386072,1.022824938,1,1,1,1,1,1
result.258,0.204977423,0.417529365,0.917477039,0.659696699,1.040424582,1.003372125,1,1,1,1,1,1
result.259,0.190856401,0.588134654,1.606734833,0.695313551,1.027760489,0.982191745,1,1,1,1,1,1
result.260,0.225199939,0.574651139,0.876402574,0.426531507,1.046576097,1.00955533,1,1,1,1,1,1
result.261,0.179078601,0.614856969,1.377805368,0.350380501,0.989349214,0.980484172,1,1,1,1,1,1
result.262,0.23479517,0.619220733,1.591785793,0.621173655,0.968500904,0.994677274,1,1,1,1,1,1
result.263,0.198891984,0.417996225,1.399457027,0.56981176,1.055747997,0.961062221,1,1,1,1,1,1
result.264,0.133105935,0.544082324,0.788322052,0.292753035,0.998403439,0.936602307,1,1,1,0,1,1
result.265,0.166609496,0.389954228,1.583927293,0.560263038,0.943246475,1.004015986,1,1,1,1,1,1
result.266,0.229610727,0.530172292,0.393390702,0.464221777,1.113395715,1.018793537,1,1,1,1,0,1
result.267,0.131654224,0.42911619,1.6305575,0.629089121,1.045712089,0.982801978,1,1,1,1,1,1
result.268,0.284741278,0.508037548,0.935567822,0.569644221,0.953262185,1.048188571,1,1,1,1,1,1
result.269,0.21909853,0.331344007,0.35198395,0.399977451,0.933144847,1.018613666,1,1,1,1,1,1
result.270,0.232258535,0.491566876,1.228675961,0.662832888,0.991599595,0.97509964,1,1,1,1,1,1
result.271,0.284258055,0.484004713,0.99970255,0.47547176,1.054913513,0.959293007,1,1,1,1,1,1
result.272,0.230431934,0.486639316,1.348190895,0.379003812,0.976609725,1.02008796,1,1,1,1,1,1
result.273,0.260811477,0.485354059,1.658740293,0.669090067,1.073895074,1.007598275,1,1,1,1,1,1
result.274,0.249673986,0.436001315,0.923103715,0.410816941,0.990479169,0.983925406,1,1,1,1,1,1
result.275,0.236399853,0.592905413,1.280690533,0.41353646,1.074065794,1.027405856,1,1,1,1,1,1
result.276,0.169774601,0.496251678,1.445201888,0.44092631,1.036497919,1.110587549,1,1,1,1,1,0
result.277,0.108769958,0.359879659,1.010192908,0.455757215,0.992659539,0.942732315,1,1,1,1,1,1
result.278,0.201542129,0.459397685,1.075355527,0.524563541,0.998703863,1.036217186,1,1,1,1,1,1
result.279,0.182941021,0.514650305,1.249330299,0.560594697,1.007472968,0.996168417,1,1,1,1,1,1
result.280,0.355410983,0.429429552,1.107654344,0.547568352,1.047294238,0.952081068,0,1,1,1,1,1
result.281,0.145907847,0.383344784,0.767121045,0.382969609,0.918617946,1.09134781,1,1,1,1,0,1
result.282,0.209614966,0.422027718,0.845098071,0.543839119,0.985564149,1.061083726,1,1,1,1,1,1
result.283,0.201259744,0.352883102,0.514745169,0.469646216,0.97477565,0.986645089,1,1,1,1,1,1
result.284,0.103533033,0.563226143,0.876599036,0.395949421,0.945487354,1.045109955,1,1,1,1,1,1
result.285,0.312684597,0.381599016,0.048421625,0.397064124,0.965941921,1.099447151,1,1,0,1,1,0
result.286,0.050287814,0.503492229,1.312317382,0.598207507,1.048055784,1.016075944,0,1,1,1,1,1
result.287,0.170233917,0.47038477,0.680144458,0.553920277,1.092815643,0.974205757,1,1,1,1,0,1
result.288,0.185527644,0.572187696,1.018753705,0.460800077,0.882934622,0.956827156,1,1,1,1,0,1
result.289,0.097072684,0.473800441,0.465694614,0.553124703,0.927626319,1.026047514,1,1,1,1,1,1
result.290,0.100758843,0.3344459,0.97948311,0.536195912,0.969198557,0.985642957,1,1,1,1,1,1
result.291,0.230948347,0.441830775,0.915920403,0.441953721,0.987375652,1.022588705,1,1,1,1,1,1
result.292,0.196022461,0.377729721,1.11500044,0.449199355,1.03027661,0.971906332,1,1,1,1,1,1
result.293,0.129034429,0.440124514,0.38948084,0.610838044,1.08160466,0.961607932,1,1,1,1,1,1
result.294,0.19308571,0.212939129,0.692587657,0.479469546,1.01153924,1.043931138,1,0,1,1,1,1
result.295,0.139250007,0.418299298,0.644049898,0.392914828,1.002942389,0.992616966,1,1,1,1,1,1
result.296,0.185128199,0.546640278,0.150396191,0.488746321,1.014116471,0.989729618,1,1,0,1,1,1
result.297,0.10805113,0.478025027,1.016336198,0.578729912,0.923745854,0.935743617,1,1,1,1,1,1
result.298,0.235885426,0.407478404,0.195392476,0.557305613,1.032242569,0.962288607,1,1,1,1,1,1
result.299,0.231910954,0.355800851,0.989645143,0.399130116,0.975423424,1.085482335,1,1,1,1,1,1
result.300,0.114628594,0.696318037,0.9178245,0.437314867,0.93984972,1.03385495,1,0,1,1,1,1
result.301,0.343628218,0.423317041,1.045405168,0.43585463,0.927880649,0.956515163,0,1,1,1,1,1
result.302,0.112953873,0.546136971,1.285556636,0.506474045,1.033590388,0.976333106,1,1,1,1,1,1
result.303,0.158433843,0.553032387,1.06777095,0.407901082,0.999448674,1.010620046,1,1,1,1,1,1
result.304,0.094973777,0.560241921,0.261541903,0.32684579,1.067092274,0.997601075,1,1,1,0,1,1
result.305,0.194919935,0.41833998,0.870357494,0.505453199,1.002717668,1.040349618,1,1,1,1,1,1
result.306,0.158144959,0.598814916,2.086355875,0.660709807,1.087972891,0.983376745,1,1,0,1,1,1
result.307,0.239866701,0.128368124,0.300044337,0.383243082,1.094367586,0.968667577,1,0,1,1,0,1
result.308,0.20859356,0.547236447,1.378923718,0.432249753,0.920834702,1.098398481,1,1,1,1,1,1
result.309,0.269609043,0.476508555,0.851787527,0.558966789,1.013766647,1.038558036,1,1,1,1,1,1
result.310,0.18687592,0.611919052,1.270164268,0.557153322,0.94504464,0.897369363,1,1,1,1,1,0
result.311,0.348454209,0.361974522,1.464651854,0.667635173,1.020330099,0.950561882,0,1,1,1,1,1
result.312,0.15277861,0.438164175,1.259258727,0.589937972,1.040558295,0.998330683,1,1,1,1,1,1
result.313,0.242393735,0.284367214,0.999879713,0.517408412,1.011158225,1.055470815,1,1,1,1,1,1
result.314,0.192891399,0.518667046,0.852061454,0.554039258,1.03373239,0.970419412,1,1,1,1,1,1
result.315,0.160170218,0.535000891,0.652222225,0.419662283,1.07400654,0.995734,1,1,1,1,1,1
result.316,0.185348156,0.58440613,1.563790601,0.781881902,1.094357392,1.02165658,1,1,1,0,1,1
result.317,0.231549008,0.417655132,0.906871504,0.522790515,0.998009094,0.985154787,1,1,1,1,1,1
result.318,0.260920302,0.337516756,-0.020142983,0.40449452,0.995390805,1.022383972,1,0,0,1,1,1
result.319,0.353507315,0.499685392,0.479024699,0.321932585,0.980453638,0.934237284,0,1,1,0,1,1
result.320,0.2461065,0.59286293,1.38464575,0.477863509,0.983382011,1.053912775,1,1,1,1,1,1
result.321,0.230884712,0.465848841,0.468098716,0.575986361,0.971604894,0.97147385,1,1,1,1,1,1
result.322,0.147287838,0.559215446,1.339129171,0.470532031,1.021757934,1.050419761,1,1,1,1,1,1
result.323,0.344096027,0.488685753,1.740766415,0.476367194,1.011938007,0.969500758,0,1,1,1,1,1
result.324,0.119021315,0.308728932,1.044715825,0.323421827,0.954781196,0.906765485,1,0,1,1,1,1
result.325,0.160026996,0.639797504,1.086622805,0.46489773,0.991686166,1.008487387,1,0,1,1,1,1
result.326,0.120291193,0.531792656,1.328503761,0.548371103,1.040778312,1.018843009,1,1,1,1,1,1
result.327,0.077006181,0.422399595,1.431980218,0.464538535,1.060666585,1.052646974,1,1,1,1,1,1
result.328,0.178844361,0.401945356,0.558782841,0.376482644,0.909076162,1.037127115,1,1,1,1,0,1
result.329,0.3309142,0.512331714,1.320653342,0.461576139,0.926585237,1.007612979,1,1,1,1,1,1
result.330,0.208108712,0.4391252,1.061373536,0.31080579,1.042003714,1.089932112,1,1,1,0,1,1
result.331,0.207933859,0.551454927,0.224993382,0.472732518,0.882976558,0.942643822,1,1,1,1,1,1
result.332,0.188830334,0.455199199,1.650078812,0.621704898,1.071208842,0.976370981,1,1,1,1,1,1
result.333,0.256347892,0.574221164,0.636023419,0.508599416,1.137345852,0.979642871,1,1,1,1,0,1
result.334,0.218212915,0.484439929,0.295342316,0.621494005,1.042235416,0.888669006,1,1,1,1,1,0
result.335,0.251928496,0.451951917,0.275066517,0.476391609,0.940105631,1.014663125,1,1,1,1,1,1
result.336,0.124624882,0.580406068,0.753200723,0.470062661,0.898583682,0.976267536,1,1,1,1,0,1
result.337,0.234509255,0.414254043,0.788572842,0.490057166,0.978674626,1.005782022,1,1,1,1,1,1
result.338,0.311935796,0.365623154,0.933920104,0.435191938,1.033719177,1.031829058,1,1,1,1,1,1
result.339,0.211789438,0.513514468,1.639456385,0.649270858,1.130491073,1.011150797,1,1,1,1,0,1
result.340,0.26659537,0.450665832,0.834864343,0.606028078,0.960206278,0.929429905,1,1,1,1,1,1
result.341,0.074799028,0.461801401,1.338745069,0.529178187,0.968528903,0.972388066,0,1,1,1,1,1
result.342,0.166363229,0.558586247,1.084328869,0.492142728,0.893619744,0.916902622,1,1,1,1,0,1
result.343,0.195861044,0.547281185,1.373238203,0.46002503,0.969069233,0.976014188,1,1,1,1,1,1
result.344,0.222045049,0.365832252,1.203394493,0.438934833,0.930005009,1.01059237,1,1,1,1,1,1
result.345,0.17884415,0.462432631,0.674777135,0.507009191,1.040746893,0.98815196,1,1,1,1,1,1
result.346,0.262844608,0.494846065,0.485306709,0.473770497,1.008173602,0.954349022,1,1,1,1,1,1
result.347,0.200995727,0.507934811,0.984473256,0.489707552,0.867205134,0.967762141,1,1,1,1,0,1
result.348,0.192935345,0.428669661,0.937568403,0.52320805,0.986810296,0.965160016,1,1,1,1,1,1
result.349,0.155697404,0.42781503,1.146402479,0.447307402,1.072714889,1.052424532,1,1,1,1,1,1
result.350,0.167782068,0.412145673,0.675118396,0.542065833,1.045503892,1.042121229,1,1,1,1,1,1
result.351,0.253717922,0.46267343,0.53293462,0.567150733,1.07045957,1.085394684,1,1,1,1,1,1
result.352,0.308259963,0.418062833,1.124954201,0.590416072,1.064574991,0.960932154,1,1,1,1,1,1
result.353,0.10991845,0.528928928,1.441256841,0.551484164,0.957576422,0.927944346,1,1,1,1,1,1
result.354,0.18006306,0.470420825,1.134235637,0.566609161,1.014413446,0.969138418,1,1,1,1,1,1
result.355,0.22728301,0.582104325,1.030193825,0.433565096,1.039186083,0.952023277,1,1,1,1,1,1
result.356,0.107244866,0.500986382,0.771924801,0.444760844,0.988923345,0.989781919,1,1,1,1,1,1
result.357,0.296961362,0.682240672,0.832143192,0.40384919,1.104267872,0.912527099,1,0,1,1,1,1
result.358,0.190466791,0.520026219,1.029980801,0.368764078,0.985563343,1.03192593,1,1,1,1,1,1
result.359,0.117295142,0.391367526,0.795779016,0.386630853,0.997942611,0.970427512,1,1,1,1,1,1
result.360,0.131085968,0.522779606,0.585818735,0.428780755,0.950117855,0.996825291,1,1,1,1,1,1
result.361,0.210195678,0.64596851,1.267785164,0.681939914,1.013602586,0.960443919,1,0,1,1,1,1
result.362,0.143624592,0.366977025,0.939241842,0.468774461,1.02884241,1.021907508,1,1,1,1,1,1
result.363,0.273814658,0.371198348,1.246436301,0.51844436,0.986217238,0.976023501,1,1,1,1,1,1
result.364,0.03057344,0.519449477,1.455216567,0.439768882,0.99221973,1.052778894,0,1,1,1,1,1
result.365,0.317334606,0.404125695,1.147042737,0.524686212,1.025374141,0.987818899,1,1,1,1,1,1
result.366,0.184010088,0.380215227,1.021808276,0.43337491,0.956623399,1.059143591,1,1,1,1,1,1
result.367,0.19190321,0.438553128,0.507526814,0.463864377,1.02690942,0.947576277,1,1,1,1,1,1
result.368,0.291315207,0.551016034,0.409469448,0.590767456,0.993103842,0.947530204,1,1,1,1,1,1
result.369,0.228958795,0.547236365,0.757351402,0.469116977,0.993722636,1.08694801,1,1,1,1,1,1
result.370,0.174126995,0.329527163,1.372611875,0.558772013,1.059118319,1.097025072,1,1,1,1,1,0
result.371,0.1282467,0.416268323,0.818089462,0.468534261,1.008189075,1.04786953,1,1,1,1,1,1
result.372,0.217726226,0.559956459,0.051835486,0.460475361,1.038445991,0.972458597,1,1,0,1,1,1
result.373,0.304180784,0.532791062,1.548355756,0.516194178,0.93389888,0.904931995,1,1,1,1,1,0
result.374,0.104256164,0.560785185,0.186353251,0.297909639,0.985238625,1.104966549,1,1,0,0,1,0
result.375,0.203479126,0.418996076,0.529600773,0.396095683,0.875879272,0.984036052,1,1,1,1,0,1
result.376,0.117313964,0.557079066,0.727072768,0.488081468,1.133049444,0.990411808,1,1,1,1,0,1
result.377,0.280560008,0.376149351,1.313143062,0.444782769,0.967775072,0.935101132,1,1,1,1,1,1
result.378,0.262327521,0.264267154,0.472133271,0.625161327,1.10963703,0.946863133,1,0,1,1,0,1
result.379,0.148609294,0.501203447,-0.127767398,0.52927048,1.049738412,0.979739267,1,1,0,1,1,1
result.380,0.180641217,0.459980847,0.868784055,0.552007159,0.907766864,1.104060883,1,1,1,1,1,1
result.381,0.213265241,0.495710213,1.099640791,0.355548239,1.07469206,1.015590238,1,1,1,1,1,1
result.382,0.247786804,0.448564206,1.102935671,0.453302781,1.012744259,1.03425955,1,1,1,1,1,1
result.383,0.135448574,0.572580847,1.035373849,0.605448,0.924500327,0.987698087,1,1,1,1,1,1
result.384,0.324662289,0.464496669,-0.074295752,0.448059576,1.043327117,1.047069216,1,1,0,1,1,1
result.385,0.216603579,0.661772525,0.855853961,0.417138552,1.070985814,1.005553224,1,0,1,1,1,1
result.386,0.249154814,0.515944365,1.249013669,0.471501104,0.963257878,1.091992824,1,1,1,1,1,1
result.387,0.014192317,0.481642601,0.451381875,0.439145883,1.028767347,0.996467554,0,1,1,1,1,1
result.388,0.160487211,0.506672423,1.573457908,0.545056729,0.907381545,0.932066505,1,1,1,1,1,1
result.389,0.052097842,0.269434406,1.232366174,0.599903343,1.018589028,1.040492348,1,0,1,1,1,1
result.390,0.251329207,0.479959392,0.887508349,0.533517566,0.996773734,0.980082881,1,1,1,1,1,1
result.391,0.149545301,0.30836109,1.029755831,0.482213752,1.070145301,0.998361873,1,0,1,1,1,1
result.392,0.158089599,0.543543347,1.006032139,0.595861878,0.964610154,0.980766137,1,1,1,1,1,1
result.393,0.066722957,0.569770953,0.25637136,0.397784599,1.005695438,1.018962132,1,1,1,1,1,1
result.394,0.140462618,0.423093744,0.71753796,0.420640806,0.895785574,1.115851465,1,1,1,1,0,1
result.395,0.224009105,0.559092521,1.398648452,0.497934978,1.038881131,0.971215739,1,1,1,1,1,1
result.396,0.174785009,0.36820911,1.164746862,0.594839883,1.006784861,1.012472462,1,1,1,1,1,1
result.397,0.208566129,0.377942586,0.783718855,0.655126872,1.035793182,0.996342523,1,1,1,1,1,1
result.398,0.189993531,0.589273721,1.376282831,0.409756071,1.006843372,1.002470763,1,1,1,1,1,1
result.399,0.228145982,0.569399131,0.778332999,0.544786084,0.944452532,1.046158288,1,1,1,1,1,1
result.400,0.236683267,0.579126989,1.531448648,0.636417567,0.984969408,1.041102705,1,1,1,1,1,1
result.401,0.20154306,0.554559422,1.77346453,0.389741755,1.001513439,0.976649589,1,1,0,1,1,1
result.402,0.120275692,0.252168168,0.755217765,0.431491036,1.06220637,1.05732945,1,0,1,1,1,1
result.403,0.152675633,0.434218784,1.047491972,0.402457633,0.968065676,0.945299505,1,1,1,1,1,1
result.404,0.228275064,0.425592005,0.844527849,0.342977229,0.943555097,0.977385753,1,1,1,0,1,1
result.405,0.283453843,0.525647896,0.972324365,0.386450019,1.028780302,1.036611105,1,1,1,1,1,1
result.406,0.235020365,0.636399934,1.198290864,0.553614648,1.016273481,0.921497507,1,0,1,1,1,1
result.407,0.256505554,0.545706914,0.676221324,0.412267106,0.967393793,0.987100769,1,1,1,1,1,1
result.408,0.329442532,0.496457688,1.215647478,0.464860463,0.997628117,0.959716959,1,1,1,1,1,1
result.409,0.316856174,0.519110319,0.807925654,0.604394774,1.002900318,1.008555287,1,1,1,1,1,1
result.410,0.173150178,0.40833761,0.948513433,0.474929944,1.033158709,1.015845725,1,1,1,1,1,1
result.411,0.245961682,0.503726332,0.705960259,0.62542943,0.99287905,1.018436451,1,1,1,1,1,1
result.412,0.055894917,0.632190666,0.747244169,0.370348301,0.927452629,0.92336842,0,1,1,1,1,1
result.413,0.249944561,0.538218684,2.177131027,0.54358394,0.894270841,0.912502122,1,1,0,1,0,1
result.414,0.16278501,0.581925729,1.53706057,0.307688451,0.980291718,1.020899823,1,1,1,0,1,1
result.415,0.246915788,0.525411744,1.664989606,0.520919242,0.898282192,0.933113325,1,1,1,1,0,1
result.416,0.166014712,0.389508415,0.730009974,0.558371341,0.972938043,1.02504647,1,1,1,1,1,1
result.417,0.197426925,0.499573222,1.219866003,0.599889847,1.171185151,0.885922048,1,1,1,1,0,0
result.418,0.207951039,0.565933083,1.389358195,0.77944416,0.982281955,0.997761415,1,1,1,0,1,1
result.419,0.231657848,0.546532693,1.202478258,0.583282425,0.93443879,1.061241179,1,1,1,1,1,1
result.420,0.195039834,0.526983304,0.813893262,0.470544683,0.986604526,0.902227108,1,1,1,1,1,1
result.421,0.246172312,0.493589347,0.731102364,0.452607287,0.995788908,0.979882417,1,1,1,1,1,1
result.422,0.210060638,0.537656359,0.783855575,0.549825159,1.098950593,1.111911938,1,1,1,1,1,0
result.423,0.37193717,0.394297746,1.297281957,0.597552013,1.041395891,1.029096956,0,1,1,1,1,1
result.424,0.210286798,0.486364816,1.068822219,0.574505309,0.959384783,0.983783572,1,1,1,1,1,1
result.425,0.107737769,0.433444768,0.303620152,0.459107822,0.952417351,1.038563222,1,1,1,1,1,1
result.426,0.17037539,0.2850146,1.125872934,0.523828955,0.994624663,0.989596671,1,0,1,1,1,1
result.427,0.232602436,0.644658954,0.828649216,0.402980591,0.939209085,0.941187184,1,0,1,1,1,1
result.428,0.285716139,0.56131457,0.693844529,0.605833287,1.00620736,1.021490176,1,1,1,1,1,1
result.429,0.256853738,0.314245995,0.649441611,0.475571715,0.934194053,1.011184476,1,1,1,1,1,1
result.430,0.206936696,0.492524874,0.168506903,0.52697741,1.015502085,0.990470662,1,1,0,1,1,1
result.431,0.230150616,0.57568175,1.247260856,0.29824251,0.943650412,1.039864085,1,1,1,0,1,1
result.432,0.283928794,0.425269417,0.961689534,0.386863274,0.954800095,1.051799834,1,1,1,1,1,1
result.433,0.162610125,0.408926272,0.759350943,0.598352062,1.045578725,1.028579149,1,1,1,1,1,1
result.434,0.21284638,0.496971309,1.303363537,0.47367128,1.020688342,1.00673283,1,1,1,1,1,1
result.435,0.228522435,0.465833945,1.106827378,0.40696275,1.012809821,1.052776833,1,1,1,1,1,1
result.436,0.206313646,0.515626097,1.16902629,0.431296402,0.891685866,1.045689754,1,1,1,1,0,1
result.437,0.251336342,0.473421252,1.581945515,0.585390914,0.989535445,0.971907809,1,1,1,1,1,1
result.438,0.315925855,0.505343221,-0.100219724,0.411549487,0.949830148,1.024690862,1,1,0,1,1,1
result.439,0.256853501,0.488361187,1.556642951,0.550725024,1.072606132,0.909487587,1,1,1,1,1,1
result.440,0.151216365,0.495909565,0.577890371,0.606710646,1.128688452,1.047054924,1,1,1,1,0,1
result.441,0.11944543,0.455074685,1.077415701,0.479807076,0.976569399,1.071796757,1,1,1,1,1,1
result.442,0.302673956,0.406877767,-0.272557935,0.499628954,0.959498322,1.044235611,1,1,0,1,1,1
result.443,0.141722761,0.409403252,1.19458756,0.34054024,1.066368981,0.998881211,1,1,1,0,1,1
result.444,0.231361359,0.442857396,1.414553386,0.584975532,0.934310138,1.063249555,1,1,1,1,1,1
result.445,0.283890836,0.595517467,0.729483056,0.520241733,1.032448696,0.97921993,1,1,1,1,1,1
result.446,0.286551871,0.495781569,1.439660412,0.589583429,1.014317663,0.935157379,1,1,1,1,1,1
result.447,0.291738271,0.453351131,1.648332535,0.502005966,1.001177513,0.965660273,1,1,1,1,1,1
result.448,0.166366562,0.509621451,1.210372975,0.516641733,0.93806881,0.999490213,1,1,1,1,1,1
result.449,0.271131104,0.568456056,0.844626311,0.572635432,0.926970021,1.088811397,1,1,1,1,1,1
result.450,0.224641859,0.551626962,0.60337825,0.658420606,1.033206767,0.953635965,1,1,1,1,1,1
result.451,0.148790655,0.308191132,0.722992644,0.488920706,1.065397179,1.02218252,1,0,1,1,1,1
result.452,0.188266019,0.491633898,0.534498731,0.431392758,0.971711584,0.895084048,1,1,1,1,1,0
result.453,0.183571623,0.484258143,1.38279496,0.549040396,0.915392144,0.93754001,1,1,1,1,1,1
result.454,0.151593997,0.639705877,1.77136976,0.428702602,1.034281978,1.020752372,1,0,0,1,1,1
result.455,0.058978731,0.637629323,0.993743945,0.623465235,0.905450881,0.953604459,0,0,1,1,1,1
result.456,0.212307547,0.63572134,0.912212946,0.501108701,1.007535334,1.036575563,1,1,1,1,1,1
result.457,0.09203477,0.575805811,0.930098558,0.690012339,1.004175169,0.965371435,1,1,1,0,1,1
result.458,0.250604159,0.543784745,1.082081067,0.428598994,1.059828646,0.960859003,1,1,1,1,1,1
result.459,0.128067625,0.415624649,0.456149669,0.609079467,1.081028194,0.993341757,1,1,1,1,0,1
result.460,0.270821135,0.328302617,1.406494729,0.513781853,0.970616054,1.021953765,1,1,1,1,1,1
result.461,0.174268427,0.591456931,1.224478195,0.470638736,1.038475166,0.995992988,1,1,1,1,1,1
result.462,0.244824038,0.486074135,0.806271208,0.53623006,0.995740546,0.853515271,1,1,1,1,1,0
result.463,0.19891528,0.374091013,0.735885241,0.568972991,0.843627171,1.013157536,1,1,1,1,0,1
result.464,0.273524747,0.602084116,1.457947134,0.534741565,0.979695034,0.893169192,1,1,1,1,1,0
result.465,0.099131265,0.523710741,0.927274849,0.575266467,0.967746914,0.929368882,1,1,1,1,1,1
result.466,0.226134336,0.537621512,1.293888121,0.609311471,0.96842553,0.980813027,1,1,1,1,1,1
result.467,0.100084528,0.543300653,1.279611684,0.458647245,1.040110895,1.02764626,1,1,1,1,1,1
result.468,0.123167992,0.541716585,1.429807155,0.585981205,0.999791052,0.93599226,1,1,1,1,1,1
result.469,0.013196661,0.460057341,1.058780116,0.509815454,1.013866878,0.983923126,0,1,1,1,1,1
result.470,0.128551569,0.519810789,0.402489754,0.380415455,1.064996462,1.002887287,1,1,1,1,1,1
result.471,0.185665622,0.434933139,0.739391378,0.521896671,0.949419919,1.039629214,1,1,1,1,1,1
result.472,0.340707675,0.452363562,1.484391224,0.465597156,0.972900632,0.989036006,1,1,1,1,1,1
result.473,0.177806428,0.559792716,0.959296483,0.381856067,1.076031886,0.976028679,1,1,1,1,1,1
result.474,0.119077445,0.518300416,0.886043838,0.289875361,0.981919986,1.056985079,1,1,1,1,1,1
result.475,0.257917344,0.501420109,1.40475037,0.465368551,1.113294017,1.046186327,1,1,1,1,0,1
result.476,0.177788482,0.571629604,0.716378701,0.452749534,0.960414088,1.052025482,1,1,1,1,1,1
result.477,0.051749713,0.48793739,0.970055842,0.41160772,0.910366165,0.963743625,0,1,1,1,0,1
result.478,0.16857482,0.419051446,1.249623479,0.388752961,0.954487859,1.031452795,1,1,1,1,1,1
result.479,0.267892834,0.629587696,1.33312292,0.539832334,0.981488014,1.023224663,1,1,1,1,1,1
result.480,0.070621033,0.508408547,0.425048887,0.441102973,0.921930956,1.031877517,1,1,1,1,1,1
result.481,0.105064848,0.496079445,0.28300763,0.383716531,1.05811207,1.00886487,1,1,1,1,1,1
result.482,0.129138465,0.497428916,1.100330941,0.543837283,0.927901709,1.016024707,1,1,1,1,1,1
result.483,0.203207847,0.530357023,0.698060024,0.44774469,0.970759126,1.015295578,1,1,1,1,1,1
result.484,0.242121794,0.392597774,0.922259563,0.518901583,0.975335456,1.054647457,1,1,1,1,1,1
result.485,0.238519527,0.536671643,-0.422254778,0.607376312,1.076886496,1.022737245,1,1,0,1,1,1
result.486,0.156789869,0.409858056,1.611634674,0.715867485,1.012210532,0.953566791,1,1,1,0,1,1
result.487,-0.030310477,0.561196512,0.461038035,0.45850017,0.965391023,1.007574396,0,1,1,1,1,1
result.488,0.121905852,0.456377141,1.163579064,0.322720085,0.948301671,0.967191272,1,1,1,0,1,1
result.489,0.248822827,0.342916967,0.6588818,0.587024311,1.044169716,1.092927649,1,1,1,1,1,1
result.490,0.181490187,0.363698372,0.789649121,0.444245809,1.060692547,0.964360277,1,1,1,1,1,1
result.491,0.10513876,0.422641365,0.680532053,0.444899976,1.013395833,1.082261885,1,1,1,1,1,1
result.492,0.240759287,0.54944958,0.661930145,0.591658448,1.001491402,1.019834008,1,1,1,1,1,1
result.493,0.343748685,0.426258768,0.758998278,0.348557817,0.958532089,0.941446464,0,1,1,1,1,1
result.494,0.07674127,0.524321526,1.218236469,0.555185918,0.971589473,0.934861792,1,1,1,1,1,1
result.495,0.18113403,0.56137452,0.951650115,0.639703606,1.032929677,1.001030547,1,1,1,1,1,1
result.496,0.167492848,0.549697744,0.427156631,0.658287353,1.001766237,0.958344181,1,1,1,1,1,1
result.497,0.274714727,0.562480679,0.381300791,0.579164945,0.97062234,1.050417649,1,1,1,1,1,1
result.498,0.12028387,0.487345869,1.280422858,0.548649125,1.076939326,1.061397069,1,1,1,1,1,1
result.499,0.254662469,0.509869998,0.999823699,0.444423068,1.125464679,0.909943673,1,1,1,1,0,0
result.500,0.303795492,0.534270727,1.983327654,0.545350515,1.01597056,1.06984998,1,1,0,1,1,1
result.1,0.241769841,0.572103015,1.042015853,0.483918532,1.033462286,0.863719148,1,1,1,1,1,0
result.2,0.207925414,0.553172227,0.761052466,0.439906716,1.034082119,1.097577079,1,1,1,1,1,1
result.3,0.235154319,0.437020194,0.662170614,0.505258686,0.881505281,1.011547692,1,1,1,1,0,1
result.4,0.171777351,0.507028025,0.924099986,0.366983647,0.960509293,0.949874091,1,1,1,1,1,1
result.5,0.218886977,0.356044076,0.588785596,0.57647648,0.981894598,1.019027214,1,1,1,1,1,1
result.6,0.227319824,0.55121276,1.101625076,0.376949532,1.035898127,0.941101221,1,1,1,1,1,1
result.7,0.332105254,0.473091817,1.019562677,0.413947407,1.0245682,1.071610318,1,1,1,1,1,1
result.8,0.166924745,0.516862812,1.046220696,0.543442461,1.069145264,1.06820873,1,1,1,1,1,1
result.9,0.201255127,0.636239425,0.786712241,0.457433746,0.93652651,0.938476117,1,1,1,1,1,1
result.10,0.245699596,0.463178619,1.326031818,0.62159965,0.985541884,1.09744299,1,1,1,1,1,1
result.11,0.257065136,0.559751817,1.146831018,0.477281168,1.021431868,0.947686169,1,1,1,1,1,1
result.12,0.081573255,0.500058861,0.572845967,0.475766765,0.952476898,1.004947013,1,1,1,1,1,1
result.13,0.218795602,0.607057851,1.183575021,0.471709951,0.987841441,0.955077556,1,1,1,1,1,1
result.14,0.153498821,0.658691394,0.743009812,0.431030203,0.963593229,1.023022784,1,0,1,1,1,1
result.15,0.252128857,0.516223169,1.231723613,0.458280262,1.081492466,0.993058988,1,1,1,1,1,1
result.16,0.265110369,0.42224861,0.846107823,0.496808668,0.998960158,0.998841056,1,1,1,1,1,1
result.17,0.22950687,0.486800462,0.260975546,0.44759069,0.926708077,0.921246937,1,1,1,1,1,1
result.18,0.219905458,0.464160686,0.8538669,0.398248238,1.104152877,0.986561582,1,1,1,1,0,1
result.19,0.150951957,0.553958622,0.857489953,0.431624139,0.956314802,1.053529476,1,1,1,1,1,1
result.20,0.197750353,0.452708154,0.194031073,0.560334459,0.956594756,0.964061123,1,1,1,1,1,1
result.21,0.10639118,0.510198313,1.055154396,0.60103904,0.993967954,0.982783756,1,1,1,1,1,1
result.22,0.25090735,0.485838153,1.307259441,0.558265287,1.073690735,1.029034653,1,1,1,1,1,1
result.23,0.180733969,0.395694199,1.602158443,0.477256171,0.964183109,1.026188859,1,1,1,1,1,1
result.24,0.270705882,0.390488338,0.425789202,0.603614081,0.994564865,1.046247818,1,1,1,1,1,1
result.25,0.288248487,0.61063316,1.196731144,0.528978563,1.061430556,1.095002278,1,1,1,1,1,1
result.26,0.347385478,0.52986476,1.385092485,0.646528686,1.064343938,1.05480523,0,1,1,1,1,1
result.27,0.170459759,0.534266074,1.20457533,0.342343671,0.92240995,0.935366602,1,1,1,0,1,1
result.28,0.240938633,0.523219081,0.757530148,0.728093287,1.046161396,0.991968282,1,1,1,0,1,1
result.29,0.172868531,0.540413484,1.472734431,0.524844809,1.021420266,0.97311898,1,1,1,1,1,1
result.30,0.254290127,0.486839594,0.902003321,0.568090546,1.048496508,0.949675298,1,1,1,1,1,1
result.31,0.230290877,0.411312234,0.360394405,0.52096465,0.992948288,1.039811297,1,1,1,1,1,1
result.32,0.23315501,0.432607809,0.722506328,0.337830649,1.062504655,1.10544286,1,1,1,0,1,0
result.33,0.251232688,0.477262365,1.714551498,0.551348995,1.033091398,1.010113782,1,1,1,1,1,1
result.34,0.156428403,0.51356914,0.690704361,0.484211134,0.998927195,0.963445201,1,1,1,1,1,1
result.35,0.186553864,0.480416372,0.417808927,0.456387741,0.934036551,1.122722302,1,1,1,1,1,0
result.36,0.218694982,0.549260939,0.957313335,0.523045593,0.975980395,0.964111098,1,1,1,1,1,1
result.37,0.194894053,0.634977969,0.807326822,0.584423235,1.050461815,0.925746436,1,0,1,1,1,1
result.38,0.085780501,0.544626539,0.796912147,0.512893157,0.950866491,0.921945747,1,1,1,1,1,1
result.39,0.333170824,0.593178271,0.421467922,0.533518607,0.975418324,1.029404563,0,1,1,1,1,1
result.40,0.232122938,0.500668056,0.706536065,0.662803897,1.072541863,1.045172024,1,1,1,1,1,1
result.41,0.236545777,0.565427942,0.41577162,0.638038799,1.127685489,1.028956379,1,1,1,1,0,1
result.42,0.236026687,0.529667263,0.61549292,0.525346804,1.013154893,1.077416598,1,1,1,1,1,1
result.43,0.277581892,0.442855624,0.865554998,0.423670367,1.092517577,0.94334625,1,1,1,1,0,1
result.44,0.13685144,0.507362097,0.622874863,0.48528104,1.025256683,0.964052257,1,1,1,1,1,1
result.45,0.243819196,0.506561971,1.208488176,0.567966466,1.082840532,0.959215852,1,1,1,1,1,1
result.46,0.31469443,0.45723413,1.459544145,0.526139305,1.068343615,1.086003225,1,1,1,1,1,1
result.47,0.312531931,0.461506632,0.410428871,0.485287793,0.996115625,1.050799724,1,1,1,1,1,1
result.48,0.220673034,0.506349442,1.575576034,0.463651039,1.081546522,1.000580917,1,1,1,1,1,1
result.49,0.196817944,0.551702058,1.503023448,0.355145492,1.013578484,1.03907332,1,1,1,1,1,1
result.50,0.117659626,0.468432727,0.643545166,0.514094064,0.99243998,0.964833721,1,1,1,1,1,1
result.51,0.147733221,0.535293445,0.159418111,0.481203591,1.000278899,0.941287627,1,1,0,1,1,1
result.52,0.273488137,0.47543183,1.289538341,0.496764428,0.977067311,0.952850648,1,1,1,1,1,1
result.53,0.233460536,0.468785538,1.028837484,0.402079474,1.002697236,0.980601306,1,1,1,1,1,1
result.54,0.235319106,0.428904667,1.04151559,0.420225998,0.932720289,1.024396268,1,1,1,1,1,1
result.55,0.342223602,0.581710119,1.088824493,0.52266906,0.906631964,0.985361774,1,1,1,1,1,1
result.56,0.256325959,0.355666735,2.164244776,0.562399741,1.015665224,1.057871936,1,1,0,1,1,1
result.57,0.196692549,0.507885137,0.817382441,0.500160739,0.920095763,1.062515824,1,1,1,1,1,1
result.58,0.117290269,0.368347785,0.447127755,0.620262014,0.956015355,0.959348907,1,1,1,1,1,1
result.59,0.226114268,0.466221817,1.294236165,0.42790825,1.060315283,1.008018479,1,1,1,1,1,1
result.60,0.237587674,0.492947614,1.257246225,0.588966387,1.062369435,0.939571968,1,1,1,1,1,1
result.61,0.171529607,0.587790832,1.15291271,0.526718219,0.994957535,0.960981524,1,1,1,1,1,1
result.62,0.212469681,0.47300773,0.559226804,0.42586977,0.977798852,1.024828725,1,1,1,1,1,1
result.63,0.067524181,0.600002238,0.565722394,0.445689453,1.013720614,1.06186622,0,1,1,1,1,1
result.64,0.013098411,0.64405967,0.956040441,0.563265547,0.978805211,0.956988136,0,0,1,1,1,1
result.65,0.298053931,0.465598944,1.384132909,0.630567876,1.032904658,0.931994693,1,1,1,1,1,1
result.66,0.12498154,0.350653151,0.785636142,0.538387147,0.986893503,0.968524718,1,1,1,1,1,1
result.67,0.167170817,0.612675117,1.000468155,0.693524035,1.037840661,1.000878402,1,1,1,0,1,1
result.68,0.216928866,0.666696284,0.922294212,0.600429234,1.009395205,0.977314409,1,0,1,1,1,1
result.69,0.218989953,0.503956751,1.18160106,0.619260697,1.076251849,0.976762455,1,1,1,1,1,1
result.70,0.20919545,0.355214226,0.520035561,0.497285327,1.096799872,1.081549022,1,1,1,1,0,1
result.71,0.184813299,0.634242965,1.352083771,0.607285208,1.014785957,1.018991754,1,0,1,1,1,1
result.72,0.116432334,0.50594691,1.574683472,0.78905807,1.061530155,0.926999816,1,1,1,0,1,1
result.73,0.1147839,0.59380803,0.960005537,0.294573962,0.947333862,0.962901643,1,1,1,0,1,1
result.74,0.210905462,0.49390188,0.491464975,0.398849448,1.019607692,1.027401226,1,1,1,1,1,1
result.75,0.234016331,0.445771847,1.088040448,0.516301249,0.880294494,0.907384765,1,1,1,1,0,0
result.76,0.184153884,0.613312075,0.725987351,0.546132262,1.004042122,0.892661451,1,1,1,1,1,0
result.77,0.170868799,0.567870211,0.518487952,0.378447343,1.014375923,0.887857363,1,1,1,1,1,0
result.78,0.223232971,0.41890437,1.00966141,0.363845116,0.962746108,0.995869557,1,1,1,1,1,1
result.79,0.147021542,0.492410726,1.573546505,0.517093144,1.041475754,0.989665701,1,1,1,1,1,1
result.80,0.118437913,0.417183198,0.757774906,0.619469785,1.015127758,0.99696396,1,1,1,1,1,1
result.81,0.251613437,0.443385814,1.075719496,0.513074974,1.033260235,0.947966089,1,1,1,1,1,1
result.82,0.124225093,0.511396231,1.054633464,0.441089392,1.045576693,0.964242583,1,1,1,1,1,1
result.83,0.288533973,0.546178044,0.951830383,0.461307721,1.006868962,1.007880081,1,1,1,1,1,1
result.84,0.190332081,0.425669659,1.402477083,0.61793417,1.0330252,0.901738946,1,1,1,1,1,0
result.85,0.222990323,0.429238165,1.200051687,0.535488225,1.005198537,1.005724074,1,1,1,1,1,1
result.86,0.24630503,0.531202755,0.471896841,0.532011978,1.003063034,1.010438365,1,1,1,1,1,1
result.87,0.168948755,0.346208675,1.547433258,0.49925942,0.954512633,0.937751378,1,1,1,1,1,1
result.88,0.163793316,0.567747842,0.940509574,0.415539392,1.074698357,0.995989926,1,1,1,1,1,1
result.89,0.187070645,0.537855814,1.6998553,0.426495691,1.042237492,1.013919694,1,1,1,1,1,1
result.90,0.114486909,0.556792345,1.15327629,0.719959563,1.013986285,0.981598994,1,1,1,0,1,1
result.91,0.211309665,0.500693434,0.767702047,0.442103711,0.92365367,1.039529588,1,1,1,1,1,1
result.92,0.201099418,0.400139508,1.690663205,0.492031867,0.970744847,0.987865724,1,1,1,1,1,1
result.93,0.178092941,0.489866158,1.006089292,0.389169158,1.009250587,0.996881285,1,1,1,1,1,1
result.94,0.105068897,0.433321506,1.097318217,0.592513359,0.97072335,1.052251628,1,1,1,1,1,1
result.95,0.217252284,0.492552542,2.323429992,0.78782824,1.101805797,1.03202264,1,1,0,0,1,1
result.96,0.198960518,0.459404188,0.942833861,0.468590556,0.935997361,1.055319328,1,1,1,1,1,1
result.97,0.208996382,0.46460956,0.818398988,0.270072431,0.970866095,1.043685281,1,1,1,0,1,1
result.98,0.154693182,0.665774694,0.633995437,0.409758233,1.048788513,1.039331209,1,0,1,1,1,1
result.99,0.114128023,0.612234922,0.299720899,0.372275157,0.93473102,1.034788393,1,1,1,1,1,1
result.100,0.333832546,0.448281182,0.579650239,0.576836452,0.977385104,1.074505575,1,1,1,1,1,1
result.101,0.139830643,0.414239383,0.767451106,0.48175988,0.958457723,0.908531033,1,1,1,1,1,0
result.102,0.195009229,0.543051422,1.194300328,0.502618085,0.952467177,0.934289564,1,1,1,1,1,1
result.103,0.308193655,0.523617454,0.788818709,0.565340763,1.051271041,0.960905761,1,1,1,1,1,1
result.104,0.182524365,0.473575434,0.668789538,0.441141283,0.949154224,0.980475704,1,1,1,1,1,1
result.105,0.170553157,0.612647344,1.125212438,0.48973167,0.975495041,0.909440362,1,1,1,1,1,1
result.106,0.249138262,0.491174189,0.815546096,0.564929704,0.988143105,1.053869743,1,1,1,1,1,1
result.107,0.2357735,0.453799028,1.145522739,0.448348023,0.997487105,0.97797084,1,1,1,1,1,1
result.108,0.138777526,0.425414509,1.186365568,0.562397479,1.055457845,0.998257839,1,1,1,1,1,1
result.109,0.337560556,0.413309568,0.999579334,0.497794344,1.023238776,0.990235216,1,1,1,1,1,1
result.110,0.311536503,0.404437017,0.877299746,0.617671561,1.03230084,1.049939257,1,1,1,1,1,1
result.111,0.189088324,0.268866924,1.867968781,0.545997313,1.049649706,1.022436673,1,0,0,1,1,1
result.112,0.298521941,0.422580654,0.549121036,0.566516042,0.991535674,1.009176633,1,1,1,1,1,1
result.113,0.131913881,0.637289456,0.752293824,0.38856116,0.967833925,1.00755366,1,1,1,1,1,1
result.114,0.160585655,0.476122575,1.042576303,0.486755336,1.025103289,1.079300191,1,1,1,1,1,1
result.115,0.219970237,0.377522274,1.077108933,0.526246994,1.02048443,0.964036047,1,1,1,1,1,1
result.116,0.305526653,0.490618619,0.756474429,0.535988719,1.005810775,1.013317483,1,1,1,1,1,1
result.117,0.130234145,0.476055651,1.393091278,0.581271238,1.029019478,1.002939503,1,1,1,1,1,1
result.118,0.252312811,0.542263715,0.692223121,0.360984488,1.019699607,0.896927358,1,1,1,1,1,0
result.119,0.085330918,0.443006692,0.651848037,0.607732343,1.027436111,0.926915864,1,1,1,1,1,1
result.120,0.229265428,0.559098395,1.831135442,0.598839896,0.966819504,0.94851057,1,1,0,1,1,1
result.121,0.230488973,0.522245675,0.701313614,0.44935446,1.01043596,0.987194768,1,1,1,1,1,1
result.122,0.258712348,0.626960281,0.75430967,0.487664173,1.082468739,1.004284556,1,1,1,1,1,1
result.123,0.108267374,0.481150264,0.803865723,0.498149194,0.940367147,1.11177709,1,1,1,1,1,0
result.124,0.210047658,0.414305675,1.228101414,0.559940598,0.99742253,0.961288737,1,1,1,1,1,1
result.125,0.269194856,0.552789668,1.43920375,0.569909761,0.963113027,0.985363272,1,1,1,1,1,1
result.126,0.203543458,0.378952962,1.166879392,0.453789753,0.992887793,1.012683524,1,1,1,1,1,1
result.127,0.254674281,0.574191847,0.752704846,0.518775656,0.999889389,1.013082083,1,1,1,1,1,1
result.128,0.198257531,0.486799759,1.641595102,0.701247575,0.992538039,0.98381392,1,1,1,0,1,1
result.129,0.255873891,0.326094654,0.479535958,0.583467134,0.91319852,1.036195315,1,1,1,1,1,1
result.130,0.144261083,0.302148636,1.625190901,0.551246665,1.022145431,0.905865415,1,0,1,1,1,0
result.131,0.23238658,0.548730543,1.35560915,0.552039799,1.03556789,0.99840541,1,1,1,1,1,1
result.132,0.170032044,0.383073916,1.344587651,0.579318153,1.014741075,1.003267483,1,1,1,1,1,1
result.133,0.242227295,0.441997066,0.796024468,0.51738041,1.064423277,1.008830139,1,1,1,1,1,1
result.134,0.052152081,0.590294933,1.120702499,0.350645181,0.915710514,0.96563863,0,1,1,1,1,1
result.135,0.153957593,0.489094026,0.451589517,0.568151133,1.04325286,0.93988146,1,1,1,1,1,1
result.136,0.191056712,0.507452463,0.295853924,0.500892435,1.012390653,1.007378209,1,1,1,1,1,1
result.137,0.047410328,0.460001328,0.968001917,0.598991877,1.013310363,0.99193815,0,1,1,1,1,1
result.138,0.207203078,0.327368663,0.673348058,0.567418193,1.107231884,1.117723527,1,1,1,1,0,1
result.139,0.061969872,0.536261725,1.507491247,0.53610423,0.994347768,1.004018399,0,1,1,1,1,1
result.140,0.107535582,0.536675357,1.116630193,0.478697352,0.985322521,0.959444697,1,1,1,1,1,1
result.141,0.108628642,0.485523524,1.263804009,0.488157584,0.974736629,1.105328779,1,1,1,1,1,1
result.142,0.194466814,0.516961168,1.317574066,0.609441925,0.991620113,0.97096632,1,1,1,1,1,1
result.143,0.22471618,0.397034561,0.676707925,0.555473296,0.887602428,1.064826674,1,1,1,1,0,1
result.144,0.269162078,0.442456201,0.188741444,0.528808557,1.099617012,0.917533449,1,1,1,1,1,1
result.145,-0.001072607,0.46939054,0.671219887,0.635149712,1.074114144,1.005423007,0,1,1,1,1,1
result.146,0.27709149,0.627776185,0.880583401,0.520831306,1.036870937,0.961528642,1,0,1,1,1,1
result.147,0.27763474,0.510680716,1.024493461,0.508538221,1.018483913,0.930142449,1,1,1,1,1,1
result.148,0.123236698,0.64315997,1.289601882,0.589040993,1.060473992,1.024820594,1,0,1,1,1,1
result.149,0.341261184,0.510227763,0.241707323,0.561022076,0.927467888,0.92930131,0,1,1,1,1,1
result.150,0.201477533,0.371141985,0.758401258,0.539446505,1.034847196,1.008336072,1,1,1,1,1,1
result.151,0.199147078,0.53162308,0.225134074,0.484030826,1.004240995,1.018225896,1,1,1,1,1,1
result.152,0.306322202,0.377973056,1.180925471,0.509215,0.93623754,1.057213319,1,1,1,1,1,1
result.153,0.215372136,0.496177529,1.340560507,0.557083103,0.904123511,0.93562263,1,1,1,1,0,1
result.154,0.332255014,0.457032773,0.394322147,0.524309186,0.946130319,0.998864983,1,1,1,1,1,1
result.155,0.271464564,0.425600505,1.539732424,0.582536823,1.026369382,1.042796967,1,1,1,1,1,1
result.156,0.20331482,0.528428951,0.795650924,0.472976136,1.054548377,1.067726237,1,1,1,1,1,1
result.157,0.185016183,0.580957104,0.54457937,0.447055687,1.022102053,0.950369994,1,1,1,1,1,1
result.158,0.099645872,0.414574415,1.917392013,0.512379314,0.932163422,1.007471268,1,1,0,1,1,1
result.159,0.249466482,0.518827374,1.000259321,0.532567814,0.965430587,1.069789856,1,1,1,1,1,1
result.160,0.327205905,0.311461313,1.053624085,0.542996797,1.022930732,0.979707992,0,0,1,1,1,1
result.161,0.26495836,0.346053773,1.141285558,0.444971102,0.966585639,1.076038669,1,1,1,1,1,1
result.162,0.199823859,0.543270591,0.376767213,0.406997916,1.007808286,1.041692824,1,1,1,1,1,1
result.163,0.150897127,0.462479471,1.026190617,0.619324194,0.97593134,1.05758727,1,1,1,1,1,1
result.164,0.309612769,0.437486691,0.739878048,0.583159877,1.02441471,0.98927262,1,1,1,1,1,1
result.165,0.152495699,0.640778362,0.668030496,0.423494988,1.080363489,1.013250626,1,0,1,1,1,1
result.166,0.24791363,0.586029506,0.49193518,0.421331807,0.933237489,0.91181786,1,1,1,1,1,1
result.167,0.228684413,0.584440871,1.407578201,0.548328834,1.078193154,0.915835477,1,1,1,1,1,1
result.168,0.114041423,0.606382232,1.348951038,0.660303881,0.925405599,0.980371032,1,1,1,1,1,1
result.169,0.357144085,0.386070644,0.762015387,0.742377822,1.027654347,1.037136145,0,1,1,0,1,1
result.170,0.149977855,0.527026728,1.868873097,0.530622781,0.948649117,0.975369659,1,1,1,1,1,1
result.171,0.2130325,0.509324772,0.752870764,0.556221605,0.976169179,1.069089019,1,1,1,1,1,1
result.172,0.152276437,0.504436325,0.789641985,0.372875382,1.035670409,0.903096278,1,1,1,1,1,1
result.173,0.184928391,0.566190409,0.918536965,0.40086367,1.030773815,0.913153209,1,1,1,1,1,1
result.174,0.365379747,0.465984478,0.678593828,0.38929596,0.992913641,1.054416478,0,1,1,1,1,1
result.175,0.189205174,0.475345989,0.789798533,0.324453954,0.956621904,1.009515551,1,1,1,0,1,1
result.176,0.197593822,0.525159158,1.071517165,0.546091626,1.029329555,1.007682752,1,1,1,1,1,1
result.177,0.216851627,0.573917805,0.314056826,0.461210546,1.026499248,0.966563815,1,1,1,1,1,1
result.178,0.24855125,0.478612407,0.873156101,0.644416262,0.959486366,1.096911681,1,1,1,1,1,1
result.179,0.164486856,0.569360172,1.088290147,0.394729526,0.978642827,0.96507948,1,1,1,1,1,1
result.180,0.224775017,0.477266591,1.005689912,0.630155531,0.989971615,1.042130835,1,1,1,1,1,1
result.181,0.119173964,0.529913167,1.448627353,0.6290831,0.956567012,0.96864378,1,1,1,1,1,1
result.182,0.317349051,0.333132443,0.431182671,0.477020712,1.033088449,1.022219535,1,1,1,1,1,1
result.183,0.121061371,0.514808309,0.698281963,0.445462683,1.064935592,1.112659646,1,1,1,1,1,0
result.184,0.104027499,0.500058202,1.172306918,0.550465146,1.042544789,1.019168884,1,1,1,1,1,1
result.185,0.285794964,0.51453995,1.351151103,0.575124432,1.06009057,0.977897393,1,1,1,1,1,1
result.186,0.36634287,0.412190783,1.011017632,0.665670453,1.027555232,1.00918767,0,1,1,1,1,1
result.187,0.192935525,0.575077393,1.495777726,0.507848068,1.03568866,1.016177342,1,1,1,1,1,1
result.188,0.134165515,0.623865293,0.176381364,0.489697166,1.059632609,0.956542697,1,1,1,1,1,1
result.189,0.297740822,0.491085527,0.365048868,0.521395103,0.961805948,1.029252041,1,1,1,1,1,1
result.190,0.111469238,0.451735314,0.514397375,0.52668885,1.068682441,0.974292822,1,1,1,1,1,1
result.191,0.326457352,0.586675659,0.44973244,0.568463917,1.032227791,0.937965883,1,1,1,1,1,1
result.192,0.150204295,0.453822663,0.9983602,0.496468616,0.920142161,1.004488329,1,1,1,1,1,1
result.193,0.346696362,0.445353135,0.565204124,0.546820725,1.078165494,0.970120937,0,1,1,1,1,1
result.194,0.098396496,0.418225707,0.652725908,0.492680839,0.973081593,1.049578894,1,1,1,1,1,1
result.195,0.195506167,0.515508067,1.06182639,0.612605595,1.050021812,0.955838198,1,1,1,1,1,1
result.196,0.230841267,0.445719702,0.706400453,0.511219481,0.928482219,1.000236163,1,1,1,1,1,1
result.197,0.090820163,0.453655791,1.21675188,0.448900298,1.017833449,0.916536267,1,1,1,1,1,1
result.198,0.163420728,0.56750946,1.322569847,0.559951878,1.074849488,0.918226298,1,1,1,1,1,1
result.199,0.091641843,0.428290767,0.78508356,0.529570026,0.995149984,0.963406421,1,1,1,1,1,1
result.200,0.264456447,0.407803096,0.793423931,0.470386084,0.963487929,0.982879681,1,1,1,1,1,1
result.201,0.278146428,0.447605937,0.606595094,0.519593735,0.909875871,1.0531739,1,1,1,1,1,1
result.202,0.239034858,0.461986595,1.325039898,0.65419872,1.057878562,1.005452535,1,1,1,1,1,1
result.203,0.168195988,0.597595361,0.954415582,0.548823593,0.951116245,0.970444285,1,1,1,1,1,1
result.204,0.289650801,0.600326362,0.462818549,0.578046803,0.996281799,0.980379626,1,1,1,1,1,1
result.205,0.126460122,0.455656341,1.297604473,0.547346181,0.971545979,0.957239045,1,1,1,1,1,1
result.206,0.27471124,0.367426305,0.494889181,0.614199531,1.045726969,1.145194469,1,1,1,1,1,0
result.207,0.245266094,0.508397395,1.111774705,0.485334458,0.936404593,1.160986257,1,1,1,1,1,0
result.208,0.301359332,0.520456909,1.023924038,0.501471895,1.047038002,0.962913201,1,1,1,1,1,1
result.209,0.21026386,0.455158093,1.2253111,0.591479139,1.113194933,0.942376901,1,1,1,1,0,1
result.210,0.253871893,0.556448861,1.524402289,0.409282688,0.970967085,0.948776942,1,1,1,1,1,1
result.211,0.214767312,0.597808857,1.584811938,0.527948006,0.973177375,0.946071389,1,1,1,1,1,1
result.212,0.242410088,0.465950192,1.352479174,0.520563516,0.978862479,0.92446214,1,1,1,1,1,1
result.213,0.381296824,0.518855448,0.591839678,0.536087338,1.039518436,0.977363648,0,1,1,1,1,1
result.214,0.14442694,0.361035866,0.269698343,0.569274221,0.897615646,0.967489511,1,1,1,1,0,1
result.215,0.278034317,0.576403979,0.905242554,0.519385753,0.941852544,0.943350657,1,1,1,1,1,1
result.216,0.2230716,0.413317085,1.315090588,0.514325359,1.005344923,1.049636706,1,1,1,1,1,1
result.217,0.221241714,0.562160158,0.634191241,0.346830103,0.982538775,0.993997626,1,1,1,1,1,1
result.218,0.122947182,0.445576836,1.479490933,0.542447322,1.080670711,1.018184713,1,1,1,1,1,1
result.219,0.353281706,0.549053755,1.475204312,0.573417457,0.999957476,0.93693275,0,1,1,1,1,1
result.220,0.132779627,0.395295695,0.943751158,0.511959755,0.983136907,1.050034191,1,1,1,1,1,1
result.221,0.248230136,0.497368941,0.573648046,0.55477281,0.969203069,0.96687085,1,1,1,1,1,1
result.222,0.151525098,0.466111142,1.035095721,0.44986583,0.926706861,1.010646972,1,1,1,1,1,1
result.223,0.068585646,0.528402543,1.044786891,0.569502856,0.993714148,1.018033131,0,1,1,1,1,1
result.224,0.244032218,0.51847319,0.719303075,0.538783065,0.984526736,0.99124819,1,1,1,1,1,1
result.225,0.124691743,0.539331816,0.696048887,0.58514208,0.99870434,1.07760968,1,1,1,1,1,1
result.226,0.124016537,0.499487265,1.181675497,0.321631538,1.015365361,1.023331709,1,1,1,0,1,1
result.227,0.130502749,0.555837269,0.762380644,0.362346223,1.0153908,0.97513388,1,1,1,1,1,1
result.228,0.124874351,0.578095438,1.426838518,0.479446543,1.103203717,0.921150039,1,1,1,1,1,1
result.229,0.200700136,0.485403028,1.780939181,0.536759351,1.089975196,1.095628999,1,1,1,1,1,1
result.230,0.129808354,0.465036124,1.110913708,0.482193382,0.96749824,1.028701223,1,1,1,1,1,1
result.231,0.226605576,0.451440293,1.160539104,0.747789484,1.044408792,0.921430532,1,1,1,0,1,1
result.232,0.332301942,0.486262578,2.137953204,0.682778439,1.027364777,0.987473944,1,1,0,1,1,1
result.233,0.085226781,0.528108168,0.710284889,0.569928626,1.04148902,0.976774642,0,1,1,1,1,1
result.234,0.119533518,0.325900891,1.206848468,0.554993,1.131083372,0.976953163,1,1,1,1,0,1
result.235,0.243539156,0.360177321,0.823399718,0.517380642,0.973319413,0.930957764,1,1,1,1,1,1
result.236,0.316945308,0.39428693,1.617657384,0.587852223,1.077048375,1.06799512,1,1,1,1,1,1
result.237,0.161926265,0.569966251,1.703455372,0.447601641,0.969917828,0.880857751,1,1,0,1,1,0
result.238,0.25461074,0.275136388,0.736449948,0.566185665,0.99298653,0.956327179,1,0,1,1,1,1
result.239,0.220963157,0.356402161,0.468452714,0.499770363,1.037661532,0.952491204,1,1,1,1,1,1
result.240,0.201374665,0.445349142,0.931724943,0.525477714,0.958553623,0.953769777,1,1,1,1,1,1
result.241,0.233300676,0.42421106,0.891637452,0.445776169,0.894656316,0.968580926,1,1,1,1,0,1
result.242,0.196057104,0.56788984,0.674111574,0.521810532,0.989395581,0.917494117,1,1,1,1,1,1
result.243,0.210127091,0.426030693,0.881293078,0.370716438,0.996221418,0.930038159,1,1,1,1,1,1
result.244,0.18931397,0.595615806,0.791456312,0.418431364,0.998651495,0.984246875,1,1,1,1,1,1
result.245,0.263498811,0.374590089,1.096945111,0.505654702,1.044131461,1.007513864,1,1,1,1,1,1
result.246,0.121746078,0.625351485,1.217595977,0.537257577,0.985256545,1.021809026,1,1,1,1,1,1
result.247,0.13252993,0.337969654,0.741159913,0.486781265,1.027707771,0.958291976,1,1,1,1,1,1
result.248,0.218912409,0.351270968,1.775822677,0.522040864,1.046201832,1.064243491,1,1,0,1,1,1
result.249,0.168312173,0.64530433,0.546924387,0.488028498,1.028846862,0.953243466,1,0,1,1,1,1
result.250,0.03587058,0.432646464,1.207527954,0.397679632,0.963251735,1.10393138,0,1,1,1,1,1
result.251,0.141566484,0.481590859,-0.009282483,0.619823819,0.955878701,0.987979711,1,1,0,1,1,1
result.252,0.228354357,0.552775707,1.396037949,0.453420828,0.992374288,0.947193605,1,1,1,1,1,1
result.253,0.251253284,0.454703832,0.637832897,0.249656994,0.920815986,0.969842692,1,1,1,0,1,1
result.254,0.337756346,0.457598289,0.984204828,0.64959243,1.000349643,0.909444535,1,1,1,1,1,0
result.255,0.250586655,0.635346546,0.949007614,0.546282312,0.911944948,0.967191009,1,1,1,1,1,1
result.256,0.336149222,0.418906459,1.353152734,0.576615426,0.982763187,1.00706655,1,1,1,1,1,1
result.257,0.108760043,0.503717967,-0.048000641,0.415191686,0.93551587,0.878442525,1,1,0,1,1,0
result.258,0.228506702,0.570350047,0.74005916,0.554968755,0.935694386,0.975786282,1,1,1,1,1,1
result.259,0.240138187,0.676297667,1.193904869,0.422025751,0.976215701,1.054595953,1,0,1,1,1,1
result.260,0.138432719,0.615285906,0.856362295,0.439464254,1.12744761,1.050985554,1,1,1,1,1,1
result.261,0.261016886,0.538293985,1.194567117,0.526464015,1.028671868,0.899979165,1,1,1,1,1,0
result.262,0.299871602,0.515702422,0.80464394,0.449278072,1.031150001,0.956501091,1,1,1,1,1,1
result.263,0.111273653,0.558534388,0.842016059,0.398025419,0.933671962,0.965851426,1,1,1,1,1,1
result.264,0.26962746,0.479693897,0.893955072,0.465937186,0.959014828,1.068666202,1,1,1,1,1,1
result.265,0.257537447,0.386570089,0.68051092,0.369556395,1.031305177,1.063827063,1,1,1,1,1,1
result.266,0.162154757,0.561192068,1.200004892,0.58016253,0.942814477,0.963845818,1,1,1,1,1,1
result.267,0.139508149,0.53890816,1.461284176,0.42195956,1.061304048,0.991870783,1,1,1,1,1,1
result.268,0.171377932,0.438932503,2.072639425,0.547563702,1.056901342,0.956493587,1,1,0,1,1,1
result.269,0.138660457,0.537324252,1.179509484,0.596847243,1.03163434,1.022243186,1,1,1,1,1,1
result.270,0.220168657,0.589298677,1.306418031,0.597476002,1.072302167,1.002106964,1,1,1,1,1,1
result.271,0.316072073,0.5000727,0.852237126,0.53113222,1.079408816,1.012618237,1,1,1,1,1,1
result.272,0.154636138,0.471892673,0.300581568,0.521293129,0.986940189,1.012158319,1,1,1,1,1,1
result.273,0.174876591,0.703400474,0.508341849,0.70656192,1.050625101,1.025636225,1,0,1,0,1,1
result.274,0.134256724,0.565226686,0.165375341,0.463607855,0.982521216,1.005849143,1,1,0,1,1,1
result.275,0.165597499,0.407628782,0.354226255,0.408858276,1.084335462,0.953874345,1,1,1,1,1,1
result.276,0.245630582,0.498057312,0.995988289,0.325535169,1.041496469,1.012707519,1,1,1,0,1,1
result.277,0.350404993,0.516169205,0.742213421,0.582780459,0.949655323,0.943724753,0,1,1,1,1,1
result.278,0.131629347,0.554650476,1.079370354,0.683910185,1.068964382,1.005377925,1,1,1,1,1,1
result.279,0.287347123,0.390878332,0.217631481,0.496844912,1.083287495,1.00401346,1,1,1,1,1,1
result.280,0.273166816,0.416907056,0.708556869,0.56693552,0.942399217,1.044587129,1,1,1,1,1,1
result.281,0.162036823,0.539246623,-0.007749838,0.394782666,0.955517825,0.967140392,1,1,0,1,1,1
result.282,0.138836144,0.440947709,1.023197425,0.362300256,1.047107724,0.975016078,1,1,1,1,1,1
result.283,0.231551313,0.544836566,1.33684808,0.419871727,0.92997468,0.993182226,1,1,1,1,1,1
result.284,0.209154277,0.634150921,0.839889223,0.453981439,0.995102173,1.021754098,1,1,1,1,1,1
result.285,0.077215971,0.562153993,1.125491464,0.562912132,0.877397542,1.002923256,1,1,1,1,0,1
result.286,0.250327005,0.458297751,0.811784591,0.52888663,0.920090574,1.016497933,1,1,1,1,1,1
result.287,0.128085674,0.426978807,0.612628539,0.468898578,1.069793122,1.049372019,1,1,1,1,1,1
result.288,0.312505751,0.407650569,0.641478128,0.703699848,0.936384698,1.046219631,1,1,1,0,1,1
result.289,0.086246488,0.604986856,0.768504889,0.576988703,0.991076439,0.95746833,1,1,1,1,1,1
result.290,0.289898378,0.626025648,1.201924277,0.596602192,0.926600248,0.898983135,1,1,1,1,1,0
result.291,0.098049691,0.28510228,1.056025747,0.396480707,0.942133,1.014894813,1,0,1,1,1,1
result.292,0.240722255,0.474338409,0.628554066,0.600569817,0.988906955,0.999295887,1,1,1,1,1,1
result.293,0.248787853,0.436857699,0.703150649,0.53563673,0.999640619,1.058435504,1,1,1,1,1,1
result.294,0.149649472,0.376742398,1.043274872,0.554209341,0.948197648,0.931991179,1,1,1,1,1,1
result.295,0.281133603,0.591751455,0.901562344,0.566630999,0.986476898,0.98378184,1,1,1,1,1,1
result.296,0.237627226,0.473732668,0.134509733,0.396004642,1.069350866,1.033402769,1,1,0,1,1,1
result.297,0.084845945,0.548225662,1.472939422,0.56599767,1.01955419,0.967727393,1,1,1,1,1,1
result.298,0.244944053,0.536874085,0.151773907,0.549097086,0.97030022,0.984826408,1,1,0,1,1,1
result.299,0.16020314,0.486362458,0.632807061,0.52788913,1.077275071,1.002537984,1,1,1,1,1,1
result.300,0.199168708,0.454847986,0.520386807,0.488121074,1.018651114,0.974146435,1,1,1,1,1,1
result.301,0.226081868,0.561193817,0.719920364,0.458965521,1.027639659,1.052620134,1,1,1,1,1,1
result.302,0.107787377,0.610408297,0.727860919,0.590011731,1.01960708,1.103771709,1,1,1,1,1,1
result.303,0.196942399,0.301410591,0.886000664,0.413820839,1.01783302,1.032716767,1,0,1,1,1,1
result.304,0.384206531,0.542698398,1.234656066,0.596971831,0.919116081,1.029206709,0,1,1,1,1,1
result.305,0.205555515,0.473545961,1.159383976,0.506342859,1.032146047,0.895254982,1,1,1,1,1,0
result.306,0.238630826,0.500759539,1.485191036,0.527568598,0.999400129,0.974029637,1,1,1,1,1,1
result.307,0.274272819,0.482748484,1.241763815,0.560274371,0.97377504,1.04376162,1,1,1,1,1,1
result.308,0.226744084,0.435570019,0.544408101,0.441551943,1.013381773,0.909134732,1,1,1,1,1,0
result.309,0.201659183,0.302993732,0.92948993,0.578502632,0.945873531,1.012281301,1,0,1,1,1,1
result.310,0.042736397,0.488513393,1.556982158,0.500893681,0.88953419,0.950773662,0,1,1,1,0,1
result.311,0.081681437,0.485480897,0.58996447,0.504445727,1.031196751,1.005483536,1,1,1,1,1,1
result.312,0.23250092,0.443279465,-0.252953553,0.614309728,1.053658668,1.066288282,1,1,0,1,1,1
result.313,0.122247844,0.474308559,0.914034769,0.309911349,1.005522968,0.913721973,1,1,1,0,1,1
result.314,0.149172632,0.511133943,1.276122975,0.371159581,1.058665541,1.081694896,1,1,1,1,1,1
result.315,0.275717155,0.500523828,0.970414748,0.425386147,1.025803069,1.038406756,1,1,1,1,1,1
result.316,0.184378333,0.427076023,1.134374747,0.493032717,1.024363102,0.987312164,1,1,1,1,1,1
result.317,0.207038111,0.525192153,1.345538745,0.394061285,1.02883073,0.96400854,1,1,1,1,1,1
result.318,0.282283979,0.373661473,1.203515951,0.46009786,1.022485812,1.060082031,1,1,1,1,1,1
result.319,0.218290054,0.534235156,1.269244272,0.656589988,1.000719301,0.842932406,1,1,1,1,1,0
result.320,0.214628722,0.607259612,1.202849298,0.50154075,0.932199668,0.951354432,1,1,1,1,1,1
result.321,0.147244866,0.63622073,1.06696832,0.542810081,0.950000264,0.97592053,1,0,1,1,1,1
result.322,0.203384371,0.632292453,0.760203619,0.525394364,1.027380056,0.969058175,1,0,1,1,1,1
result.323,0.039717953,0.563095828,0.146133681,0.511230031,0.996003796,0.884609107,0,1,0,1,1,0
result.324,0.38266861,0.472511434,0.855963062,0.554580366,1.07787156,1.026639011,0,1,1,1,1,1
result.325,0.031256522,0.599285476,0.991794952,0.552679013,1.019232304,1.063435462,0,1,1,1,1,1
result.326,0.279310629,0.614149331,0.979312951,0.576165687,1.034847147,0.981066796,1,1,1,1,1,1
result.327,0.108265346,0.542883301,1.351607697,0.445210267,1.02593117,0.961664059,1,1,1,1,1,1
result.328,0.2277002,0.40883882,1.034612844,0.616991263,1.041411603,0.97377391,1,1,1,1,1,1
result.329,0.127345934,0.604559447,0.648514924,0.495686514,1.01669751,0.99437481,1,1,1,1,1,1
result.330,0.187883631,0.591489512,1.218807975,0.547556747,0.979367591,0.960508656,1,1,1,1,1,1
result.331,0.237553533,0.550983737,1.779103095,0.535847374,1.003906971,1.070544028,1,1,0,1,1,1
result.332,0.279247011,0.44435737,0.797206663,0.569309699,0.92166764,1.034825382,1,1,1,1,1,1
result.333,0.13838349,0.510612245,1.324566241,0.503489486,0.869201215,1.025934179,1,1,1,1,0,1
result.334,0.263762613,0.508687931,1.120344292,0.544030996,1.02602878,0.875022307,1,1,1,1,1,0
result.335,0.167708632,0.486726871,1.146570192,0.682792888,1.024785537,1.028437397,1,1,1,1,1,1
result.336,0.259711997,0.424785071,1.607096278,0.664069973,1.003567352,0.993135872,1,1,1,1,1,1
result.337,0.274403803,0.59936265,1.070150334,0.333096081,0.978342428,1.10197444,1,1,1,1,1,0
result.338,0.093826075,0.415787174,1.753729004,0.485374056,1.016048293,0.927948443,1,1,1,1,1,1
result.339,0.351872686,0.472412004,0.578705684,0.549037978,1.086726095,0.995511844,1,1,1,1,1,1
result.340,0.283784024,0.455177682,1.106330951,0.60454134,0.995289586,0.928457369,1,1,1,1,1,1
result.341,0.110153183,0.396836311,1.088763714,0.594122988,1.049299671,0.970818155,1,1,1,1,1,1
result.342,0.107747078,0.596176935,0.903612611,0.422126337,0.930565403,0.896565528,1,1,1,1,1,0
result.343,0.17796577,0.540509401,1.546404367,0.548093905,1.054763199,0.936586462,1,1,1,1,1,1
result.344,0.199398314,0.543230475,1.080087049,0.429417845,0.99554396,1.032534975,1,1,1,1,1,1
result.345,0.149236474,0.554907872,0.737676158,0.356493266,0.971395623,0.998614522,1,1,1,1,1,1
result.346,0.218070638,0.444770028,1.244541607,0.41231784,0.988492285,1.122938977,1,1,1,1,1,0
result.347,0.241143549,0.558901551,1.092073657,0.422178763,0.948279286,1.132741019,1,1,1,1,1,0
result.348,0.038883078,0.36273872,1.092208793,0.42844236,0.957739884,1.097641826,0,1,1,1,1,1
result.349,0.180733417,0.482661998,1.35050258,0.493353346,0.97751704,0.941823439,1,1,1,1,1,1
result.350,0.23713283,0.555970988,1.020968684,0.659069634,0.987959724,0.949713032,1,1,1,1,1,1
result.351,0.132655843,0.509120488,0.298820925,0.393100715,0.901276397,0.914357218,1,1,1,1,0,1
result.352,0.150153443,0.518485722,0.868213664,0.67787769,1.053417592,0.848763546,1,1,1,1,1,0
result.353,0.246280875,0.58702079,0.729966126,0.481045613,0.987601816,0.949369838,1,1,1,1,1,1
result.354,0.205200609,0.428612786,0.788552676,0.478614359,0.99637677,1.007271639,1,1,1,1,1,1
result.355,0.147410506,0.504011328,1.093056777,0.4980175,0.998280693,1.0232816,1,1,1,1,1,1
result.356,0.096883623,0.453442434,1.203427431,0.522731903,1.05677524,1.029361085,1,1,1,1,1,1
result.357,0.15480454,0.485340772,0.63331806,0.523798459,0.922281767,1.0136388,1,1,1,1,1,1
result.358,0.171302626,0.467879132,0.005895983,0.537140915,1.093884802,1.140831511,1,1,1,1,1,0
result.359,0.045799483,0.428155328,1.005899467,0.354929378,0.953019243,0.972945409,0,1,1,0,1,1
result.360,0.177990466,0.543077889,0.932129004,0.438955319,0.886041583,0.94909199,1,1,1,1,0,1
result.361,0.025802752,0.558259971,1.410046178,0.354949035,1.058898649,0.921192197,0,1,1,1,1,1
result.362,0.20278107,0.427286173,1.246951818,0.417125214,1.047426404,1.057683706,1,1,1,1,1,1
result.363,0.123061292,0.529095345,1.447872956,0.432296043,0.926748431,1.055311691,1,1,1,1,1,1
result.364,0.163815137,0.577729455,0.857288654,0.302111809,1.027130738,0.983218952,1,1,1,0,1,1
result.365,0.142494312,0.508358918,0.574060009,0.377226098,0.993680129,0.951510655,1,1,1,1,1,1
result.366,0.173800972,0.47989357,0.729186204,0.613359299,1.022817224,1.037415504,1,1,1,1,1,1
result.367,0.094412446,0.401729306,2.008834363,0.604635361,0.9899257,1.072645935,1,1,0,1,1,1
result.368,0.033031554,0.598258089,1.183172344,0.438107232,0.968627982,0.95500167,0,1,1,1,1,1
result.369,0.168303217,0.46602449,0.93438774,0.387791655,1.002787978,1.02095776,1,1,1,1,1,1
result.370,0.111346056,0.506950458,1.696948723,0.506813301,1.004263206,0.990121886,1,1,1,1,1,1
result.371,0.263034771,0.558893032,0.810734619,0.491445821,1.020718913,0.934372258,1,1,1,1,1,1
result.372,0.161668165,0.559144596,1.169630403,0.391529958,0.983216878,0.939842433,1,1,1,1,1,1
result.373,0.153287958,0.586657132,1.009322587,0.5957734,1.117596983,1.060127852,1,1,1,1,0,1
result.374,0.235565519,0.603325494,0.865901095,0.548565352,1.068575463,0.91172426,1,1,1,1,1,1
result.375,0.134811275,0.50211324,1.300429369,0.558763697,0.99439457,0.983707347,1,1,1,1,1,1
result.376,0.183223639,0.375231691,0.74911653,0.499861497,1.002573111,1.003897416,1,1,1,1,1,1
result.377,0.23882252,0.619781769,0.932230489,0.513421355,1.049270507,0.920355512,1,1,1,1,1,1
result.378,0.230020874,0.482151922,1.488853283,0.269684922,1.014132648,1.028173657,1,1,1,0,1,1
result.379,0.200482271,0.549506769,1.162786731,0.584491489,1.020581402,0.980955585,1,1,1,1,1,1
result.380,0.238469538,0.472305827,0.392814748,0.63240724,1.03139929,1.0009746,1,1,1,1,1,1
result.381,0.140151202,0.448331521,0.33289531,0.484156755,0.956939559,0.968176206,1,1,1,1,1,1
result.382,0.039632588,0.496842904,0.73774806,0.616037271,0.976678252,1.023245241,0,1,1,1,1,1
result.383,0.15862867,0.67581011,0.808432439,0.402856064,0.980851154,1.060175375,1,0,1,1,1,1
result.384,0.349902406,0.408242983,1.142397066,0.41240776,0.938906816,1.064072264,0,1,1,1,1,1
result.385,0.223606633,0.579660499,1.042071314,0.589232371,0.975687009,0.975427272,1,1,1,1,1,1
result.386,0.411931174,0.414023455,0.588322896,0.582638676,1.027514664,1.075783439,0,1,1,1,1,1
result.387,0.312521118,0.44579158,0.967799478,0.503217975,1.036867344,1.013424947,1,1,1,1,1,1
result.388,0.275000181,0.461210899,1.436715606,0.413713136,0.938149573,1.009895762,1,1,1,1,1,1
result.389,0.253583553,0.496252665,0.556591941,0.421275825,1.00184925,0.945120282,1,1,1,1,1,1
result.390,0.133294014,0.368404638,0.999230051,0.51952898,0.965827445,1.015655618,1,1,1,1,1,1
result.391,0.211822079,0.505330156,1.388612748,0.553281105,0.960631336,1.031630879,1,1,1,1,1,1
result.392,0.212208905,0.553831519,0.427611372,0.560645147,1.00621705,0.996714069,1,1,1,1,1,1
result.393,0.122516748,0.474144383,1.35259729,0.461916238,1.009316988,1.051928874,1,1,1,1,1,1
result.394,0.195076105,0.492505416,0.845093489,0.49011752,0.990630196,0.98873572,1,1,1,1,1,1
result.395,0.114699732,0.324972912,0.890963006,0.412598908,1.010719388,0.977671525,1,1,1,1,1,1
result.396,0.342564764,0.441837262,0.102903636,0.567581108,1.107995888,0.968934594,0,1,0,1,0,1
result.397,0.081029252,0.546024099,1.452247753,0.496608518,0.9830751,1.007275692,1,1,1,1,1,1
result.398,0.371507691,0.42878005,1.100200537,0.567650174,1.079769432,0.954009257,0,1,1,1,1,1
result.399,0.276830759,0.528698407,1.170472038,0.735595571,1.032967874,0.951421215,1,1,1,0,1,1
result.400,0.269996819,0.488868885,1.239954564,0.793292021,0.967156461,0.921634017,1,1,1,0,1,1
result.401,0.098415104,0.467747143,0.6521947,0.53474093,1.021751568,1.154713197,1,1,1,1,1,0
result.402,0.325078916,0.358332131,0.567852252,0.551909922,0.987818498,0.976323262,1,1,1,1,1,1
result.403,0.317823331,0.480817211,0.457325452,0.434716332,0.955277936,0.966632311,1,1,1,1,1,1
result.404,0.291196982,0.507770843,1.27407452,0.541374069,1.067688631,0.99486291,1,1,1,1,1,1
result.405,0.212877892,0.512137921,0.526589411,0.58954027,1.024949611,1.008190888,1,1,1,1,1,1
result.406,0.169016004,0.569312167,1.873777868,0.459755381,0.916957456,0.978699728,1,1,0,1,1,1
result.407,0.244526831,0.496755447,0.597463665,0.533869731,1.00639419,0.924104563,1,1,1,1,1,1
result.408,0.166062589,0.444660605,0.641349475,0.612107184,1.106704877,1.166844855,1,1,1,1,1,0
result.409,0.18079173,0.563948923,0.59120431,0.533905938,0.987573672,0.966175026,1,1,1,1,1,1
result.410,0.191946548,0.376832909,1.02695931,0.470753731,1.027941137,1.042421577,1,1,1,1,1,1
result.411,0.351185988,0.549547629,1.368384823,0.631114799,1.046375706,0.947778415,0,1,1,1,1,1
result.412,0.142498195,0.270161499,0.92177354,0.594894162,0.997298721,1.024703148,1,0,1,1,1,1
result.413,0.242054239,0.44346037,0.343738126,0.566459475,0.919865551,0.98065822,1,1,1,1,1,1
result.414,0.1434732,0.490611995,0.864616649,0.490314093,0.952898604,1.028509259,1,1,1,1,1,1
result.415,0.130065667,0.47042099,0.641317239,0.42618187,1.017848556,1.009556416,1,1,1,1,1,1
result.416,0.250897645,0.601906039,1.461716459,0.538532217,0.985729013,0.96839149,1,1,1,1,1,1
result.417,0.213989667,0.45272775,1.415239412,0.382439784,0.94658636,1.034454842,1,1,1,1,1,1
result.418,0.179057771,0.464205621,1.55077188,0.566183803,0.95162246,0.988683329,1,1,1,1,1,1
result.419,0.277582076,0.408023688,0.358237607,0.495445205,1.078979186,0.969827917,1,1,1,1,1,1
result.420,0.251145439,0.585973638,1.558761922,0.481238673,0.911723021,1.036520627,1,1,1,1,1,1
result.421,0.193874916,0.471324237,1.309768092,0.675530138,1.051632013,1.034626056,1,1,1,1,1,1
result.422,0.281351839,0.460387355,0.597974788,0.394095328,1.001744444,1.012744866,1,1,1,1,1,1
result.423,0.259153875,0.506800298,0.91147733,0.594656492,0.955744897,1.027278549,1,1,1,1,1,1
result.424,0.277290341,0.517599265,0.577995461,0.590384016,0.942072069,0.977912954,1,1,1,1,1,1
result.425,0.255741805,0.458557307,0.965328042,0.41216971,1.020203756,1.024235116,1,1,1,1,1,1
result.426,0.02483864,0.440812289,1.223281336,0.629651154,1.052747323,1.073441808,0,1,1,1,1,1
result.427,0.332981063,0.413111788,1.961447448,0.481625616,1.075179713,0.982867597,1,1,0,1,1,1
result.428,0.170607642,0.541209365,0.601669241,0.551318781,1.027133168,0.961974039,1,1,1,1,1,1
result.429,0.146892479,0.561757331,0.293845866,0.58123486,1.027722683,1.043836767,1,1,1,1,1,1
result.430,0.193114357,0.418902841,1.189274696,0.307556375,0.998002571,1.123661432,1,1,1,0,1,0
result.431,0.320209487,0.459172006,1.418209121,0.491976583,1.003746567,1.069406973,1,1,1,1,1,1
result.432,0.137385792,0.518866197,0.779111998,0.406231627,1.015179426,0.972157346,1,1,1,1,1,1
result.433,0.238012814,0.515348193,1.489367707,0.417046367,1.012923851,1.036634087,1,1,1,1,1,1
result.434,0.408330184,0.485281566,1.586419184,0.671189521,1.037238216,0.951803519,0,1,1,1,1,1
result.435,0.220615615,0.373701943,1.317736243,0.399265231,0.9999999,1.052837098,1,1,1,1,1,1
result.436,0.242929112,0.553378583,0.555628261,0.502737559,1.018446499,1.051269069,1,1,1,1,1,1
result.437,0.196342109,0.379880821,0.83221399,0.483284944,1.010286672,1.003463711,1,1,1,1,1,1
result.438,0.133946843,0.572888601,0.933207641,0.292624581,0.956400934,1.02400446,1,1,1,0,1,1
result.439,0.228344903,0.558817889,1.019231523,0.520862889,1.000070781,0.979135679,1,1,1,1,1,1
result.440,0.21199003,0.519629895,0.783032355,0.531450228,0.986471808,0.956637729,1,1,1,1,1,1
result.441,0.116021739,0.645333654,0.647408272,0.255977993,0.935797375,0.926844543,1,0,1,0,1,1
result.442,0.267746886,0.358117986,1.219578561,0.460556806,0.994139542,0.996566748,1,1,1,1,1,1
result.443,0.2446805,0.53848442,0.495900871,0.680256442,0.932705153,0.918828939,1,1,1,0,1,1
result.444,0.297600839,0.564558201,0.42549839,0.42619851,1.023703974,0.987177031,1,1,1,1,1,1
result.445,0.027044076,0.310508751,1.356200915,0.519929145,0.914069323,1.049723952,0,0,1,1,1,1
result.446,0.270879112,0.655333378,1.161185183,0.556121748,1.137121964,0.946906196,1,0,1,1,0,1
result.447,0.194787683,0.500065882,0.560339501,0.507542803,0.999101029,1.12585301,1,1,1,1,1,0
result.448,0.269958739,0.40187145,1.036234546,0.434320295,0.970160435,0.905433406,1,1,1,1,1,0
result.449,0.159676775,0.469292833,0.321410291,0.440739138,1.026841524,1.138317199,1,1,1,1,1,0
result.450,0.150348019,0.43713007,0.697448842,0.520682359,0.991546121,1.003184923,1,1,1,1,1,1
result.451,0.222052045,0.342478677,0.825454637,0.552886547,0.982796671,1.068692246,1,1,1,1,1,1
result.452,0.1967455,0.589243673,1.161968259,0.591723935,1.076460705,0.967401588,1,1,1,1,1,1
result.453,0.322570359,0.501857608,0.685185817,0.513004377,0.988069175,1.061804426,1,1,1,1,1,1
result.454,0.100703243,0.608731957,1.35837759,0.552844188,1.046334437,0.936188537,1,1,1,1,1,1
result.455,0.240185697,0.631448127,1.223924563,0.444368743,1.018566468,0.907442582,1,0,1,1,1,0
result.456,0.218810812,0.482879737,1.297642557,0.39918899,0.862694129,0.965476809,1,1,1,1,0,1
result.457,0.128136408,0.409551926,0.90290168,0.55558981,0.883296766,0.929305826,1,1,1,1,0,1
result.458,0.189594393,0.624012979,1.476650518,0.657459293,1.032222743,1.007896095,1,1,1,1,1,1
result.459,0.228438123,0.607029523,1.18986847,0.509305855,0.939257004,0.95146476,1,1,1,1,1,1
result.460,0.254613631,0.50031789,0.984757074,0.412246311,0.984702685,0.946462303,1,1,1,1,1,1
result.461,0.241024674,0.425359125,0.605198451,0.487488729,0.988673764,1.053155606,1,1,1,1,1,1
result.462,0.178472685,0.487139846,1.370994471,0.593098208,0.911963472,1.114989777,1,1,1,1,1,1
result.463,0.086361592,0.505523266,0.734568471,0.447049027,1.010699033,1.015792234,1,1,1,1,1,1
result.464,0.237519228,0.624340423,0.772827017,0.427319524,0.95788917,1.026933482,1,1,1,1,1,1
result.465,0.041531231,0.59699228,1.344451391,0.436457799,0.942221944,0.993173676,0,1,1,1,1,1
result.466,0.195084478,0.528347971,1.441236415,0.398551815,0.946806112,1.018937473,1,1,1,1,1,1
result.467,0.393443267,0.568226848,0.841765515,0.656025374,0.934463987,1.002053289,0,1,1,1,1,1
result.468,0.188254172,0.405519137,1.319002706,0.511665485,0.976991021,1.031149867,1,1,1,1,1,1
result.469,0.172639132,0.488808362,1.736321671,0.555971137,1.01239139,0.936844525,1,1,1,1,1,1
result.470,0.127229985,0.598767922,0.279918247,0.505229011,0.904689043,1.044153367,1,1,1,1,1,1
result.471,0.18360445,0.639964654,0.928179757,0.393019884,1.026847335,0.947298306,1,0,1,1,1,1
result.472,0.187556044,0.546589723,0.257351549,0.553118631,0.922870483,0.965400491,1,1,1,1,1,1
result.473,0.134484916,0.309344911,0.966925666,0.547309555,0.934745976,1.020904727,1,0,1,1,1,1
result.474,0.233497608,0.537141126,1.239003675,0.484948995,0.983764628,1.024253929,1,1,1,1,1,1
result.475,0.253120413,0.50298064,0.686371005,0.548922748,1.062258277,0.987234927,1,1,1,1,1,1
result.476,0.19042859,0.372360716,-0.0242485,0.564526991,0.934438704,1.070632089,1,1,0,1,1,1
result.477,0.188567091,0.493106699,1.023738853,0.408339115,0.964890238,0.996785556,1,1,1,1,1,1
result.478,0.122270087,0.508647003,0.473253588,0.575838079,1.025898551,1.030561232,1,1,1,1,1,1
result.479,0.164175385,0.50815179,0.609699917,0.479485503,1.041406724,0.999837487,1,1,1,1,1,1
result.480,-0.007010117,0.652701666,1.278137073,0.645834702,0.981927014,1.02324226,0,0,1,1,1,1
result.481,0.298805726,0.476153044,0.755300033,0.525290266,1.084065476,1.024098888,1,1,1,1,1,1
result.482,0.205773763,0.601315278,0.032434914,0.36795036,1.039840406,0.963534027,1,1,0,1,1,1
result.483,0.116920574,0.472268958,1.57874579,0.587867121,0.938759196,0.971254905,1,1,1,1,1,1
result.484,0.260710089,0.641937699,1.521995974,0.282492348,0.950839124,0.965729215,1,0,1,0,1,1
result.485,0.27144102,0.454969434,0.81004124,0.444892259,0.998930814,0.93609782,1,1,1,1,1,1
result.486,0.129898392,0.482574473,1.230934623,0.573538008,0.997023097,0.988608643,1,1,1,1,1,1
result.487,0.203147497,0.35750754,-0.039111671,0.385115863,1.023177692,0.996398941,1,1,0,1,1,1
result.488,0.039494954,0.497274611,0.967880003,0.575273062,1.065284196,0.896915959,0,1,1,1,1,0
result.489,0.261315134,0.61643648,1.036544,0.450407201,0.940947594,0.976477145,1,1,1,1,1,1
result.490,0.329106038,0.47699971,1.105207067,0.533998376,0.915809672,1.019320778,1,1,1,1,1,1
result.491,0.251628434,0.627169652,1.183833982,0.606043597,1.094240517,0.992063373,1,1,1,1,1,1
result.492,0.254897263,0.471566665,1.892689378,0.580061524,1.037017445,1.007429603,1,1,1,1,1,1
result.493,0.166682257,0.412849935,0.386900819,0.521601214,0.93919854,1.031674601,1,1,1,1,1,1
result.494,0.302381797,0.548807761,0.977467217,0.453806402,0.945560927,1.039098482,1,1,1,1,1,1
result.495,0.182143296,0.573604382,1.425415764,0.682085495,0.999309838,1.036374151,1,1,1,1,1,1
result.496,0.261608056,0.493701134,0.908119546,0.663257087,1.038226459,1.018005046,1,1,1,1,1,1
result.497,0.217338228,0.535098463,0.854543723,0.597178693,1.038398612,1.008832443,1,1,1,1,1,1
result.498,0.233059,0.420192805,0.970628473,0.438702239,0.951920754,1.015911683,1,1,1,1,1,1
result.499,0.212390861,0.418879651,1.221627683,0.4746636,0.977436368,1.072299093,1,1,1,1,1,1
result.500,0.254029875,0.608989945,0.654050608,0.3906345,1.017250115,0.968047409,1,1,1,1,1,1
