,rho,eta.1,eta.2,delta,mu,sigma.sq,CIrho,CIeta.1,CIeta.2,CIdelta,CImu,CIsigma.sq
result.1,5.024727329,0.868928116,2.996168696,-2.443148136,-26.25934702,105.6115502,1,1,1,0,0,1
result.2,4.045752509,0.854053567,2.825658124,-2.495566977,-25.04040738,93.05154127,1,1,1,0,0,1
result.3,4.33978593,0.918967287,4.223619596,-0.30919102,-6.917693814,97.36274579,1,1,1,1,1,1
result.4,5.105058617,0.892134788,3.260011188,-2.710089185,-28.65921089,88.77794231,1,1,1,0,0,0
result.5,4.148753825,0.983003895,3.200572103,-1.65112595,-14.08532373,89.50922693,1,0,1,1,1,0
result.6,6.104951746,0.947174631,2.39656235,-1.091355973,-7.708983089,104.9071285,1,1,1,1,1,1
result.7,4.291576863,0.840665868,3.004712733,-2.295375079,-27.03296442,107.9611296,1,1,1,0,0,1
result.8,5.176671506,0.925743888,1.922906509,-2.157221241,-26.54455767,105.3680418,1,1,1,0,0,1
result.9,3.382421582,0.956077221,3.972748129,-2.533772612,-26.09280241,95.80534952,1,0,1,1,1,1
result.10,5.681075572,0.901450527,3.112444626,-0.416953244,-4.490291681,106.4275035,1,1,1,1,1,1
result.11,5.877959334,0.921551674,3.201893928,-1.066889903,-9.984254435,105.4457022,1,1,1,1,1,1
result.12,4.680491975,0.899540282,2.574551043,-2.375964196,-28.48054424,97.99037479,1,1,1,0,0,1
result.13,6.760863298,0.818349783,2.443872409,-2.358710828,-23.39778613,101.2832193,0,1,1,0,0,1
result.14,4.72623112,0.884406607,3.26226219,-2.609725667,-27.85663451,108.0393031,1,1,1,0,0,1
result.15,4.542620515,0.955831089,2.801069378,-1.235866355,-12.32048129,89.78865925,1,0,1,1,1,0
result.16,4.097724462,0.909886679,3.924282471,-2.701515668,-27.91432484,85.28827566,1,1,1,0,0,0
result.17,5.578513907,0.868766571,2.347716825,-2.145518298,-22.04349592,99.58308925,1,1,1,0,0,1
result.18,6.383596241,0.854204928,2.487835203,-2.401563681,-25.48658971,102.0029459,1,1,1,0,0,1
result.19,5.601167552,0.845605514,3.823499117,-2.866054828,-27.22096289,103.8307152,1,1,1,0,0,1
result.20,3.955582305,0.928876756,3.089546288,-2.540857411,-27.60202348,88.99551452,1,1,1,0,0,0
result.21,3.900947629,0.928848685,3.62062341,-2.622065463,-28.50350674,104.0739903,1,1,1,0,0,1
result.22,5.37935551,0.913630072,3.792269704,-1.923856228,-14.9679298,104.3117883,1,1,1,1,1,1
result.23,4.05548571,0.928679242,3.781587466,-0.106719941,-3.484412843,98.56746309,1,1,1,1,1,1
result.24,6.518081405,0.921911445,1.967288391,-0.69529517,-6.005017781,92.65210758,1,1,1,1,1,1
result.25,7.269759539,0.822209839,2.970966299,-2.66027939,-27.21684413,111.9970414,0,1,1,0,0,0
result.26,4.798522203,0.962418086,1.888791445,-1.826189715,-18.41379129,91.82171066,1,0,1,1,1,1
result.27,4.91025401,0.898204811,2.654267825,-2.13225015,-23.7534035,95.51054808,1,1,1,0,0,1
result.28,5.443819175,0.943473045,1.445359521,-1.088596013,-9.159257472,93.35897388,1,1,1,1,1,1
result.29,3.914777891,0.972303874,3.154313712,-1.239508858,-9.601897942,100.1870189,1,0,1,1,1,1
result.30,6.158137919,0.909222462,2.679111192,-0.568064461,-6.463690513,101.0575063,1,1,1,1,1,1
result.31,4.810721928,0.90284351,2.955638051,0.05626336,-3.411557323,85.05163815,1,1,1,1,1,0
result.32,6.149304444,0.806748826,2.463871155,-2.392767934,-25.46255727,100.5982825,1,0,1,0,0,1
result.33,3.652984826,0.928884333,3.010190527,-2.475845932,-26.02001417,90.16380473,1,1,1,0,0,1
result.34,5.959770686,0.895192574,3.908616142,-0.397392158,-8.743409808,92.9843817,1,1,1,1,1,1
result.35,5.202402874,0.925102949,3.801294754,-0.616010997,-8.252742415,93.61721236,1,1,1,1,1,1
result.36,6.065195203,0.903646578,2.83160478,-2.842509697,-29.20686492,107.2027911,1,1,1,0,0,1
result.37,5.521386757,0.931998735,3.203373689,-0.71864536,-9.05001315,92.15333653,1,1,1,1,1,1
result.38,4.553994824,0.944482633,2.820729767,-1.498173875,-11.71100417,98.35532322,1,1,1,1,1,1
result.39,5.127302942,0.869024191,3.283492914,-2.556732383,-26.80247081,95.07203903,1,1,1,0,0,1
result.40,4.722229386,0.953863179,2.990342667,-1.246286994,-8.154087847,92.67049449,1,0,1,1,1,1
result.41,6.387167527,0.804796311,2.826432261,-2.728346014,-26.74395062,102.658141,1,1,1,0,0,1
result.42,3.62118241,0.966097437,2.380992765,-1.9506496,-23.03399127,96.42651735,1,0,1,1,1,1
result.43,5.478353732,0.821734368,2.157895814,-2.225179998,-24.01626123,104.7295484,1,1,1,0,0,1
result.44,4.582938975,0.900554774,3.288000271,-2.48474518,-26.17021838,96.57022572,1,1,1,0,0,1
result.45,4.463627624,0.89328192,1.119551993,-2.298133378,-24.76517014,105.4354124,1,1,0,0,0,1
result.46,5.312877375,0.908971545,2.792475829,-2.421659137,-27.41976331,98.94682516,1,1,1,0,1,1
result.47,5.569960665,0.895842903,3.861471588,-0.396482041,-8.770048658,86.21308562,1,1,1,1,1,0
result.48,6.128220771,0.917448071,2.045424277,-1.059579306,-9.911483766,105.0015231,1,1,1,1,1,1
result.49,2.792169564,0.978351575,2.670246491,-1.801303681,-11.15027361,96.79994401,1,0,1,1,1,1
result.50,4.120846499,0.783712562,3.612865146,-2.467483688,-25.26363239,105.7670426,1,1,1,0,0,1
result.51,4.178157479,0.866486691,3.311543668,-2.582334325,-25.51296548,102.0012072,1,1,1,0,0,1
result.52,3.568223571,0.978499303,3.556996286,-1.98080588,-15.28631017,99.34208049,1,0,1,1,1,1
result.53,4.381918885,0.940919843,3.483306497,-0.509085658,-8.289063661,98.02992154,1,1,1,1,1,1
result.54,5.022751796,0.945231725,3.256769614,-0.88678194,-9.938130251,94.54197873,1,1,1,1,1,1
result.55,4.792942778,0.916469897,3.342787382,-2.428075127,-23.10017207,90.33181922,1,1,1,1,1,0
result.56,6.442264377,0.793563226,4.101441904,-2.948185734,-23.77070737,100.5775171,1,0,1,0,0,1
result.57,5.896008451,0.899908702,3.587401681,-0.285264115,-5.209737551,102.2170594,1,1,1,1,1,1
result.58,5.968671961,0.821261699,4.540752494,-3.02868452,-26.36451862,109.1209395,1,1,0,0,0,1
result.59,4.574357377,0.958790416,2.941623669,-1.049711406,-8.858100449,91.28118466,1,0,1,1,1,1
result.60,4.344411869,0.843633675,2.80828907,-2.201188881,-21.89143939,109.7577919,1,1,1,0,0,0
result.61,4.832541254,0.948835246,3.394411495,-0.62180688,-3.853919011,100.9877022,1,1,1,1,1,1
result.62,4.981281213,0.979329761,2.504393211,-1.684345161,-14.94855684,81.83353384,1,0,1,1,1,0
result.63,6.962960264,0.906069529,3.142630212,-3.040416713,-29.10083866,90.04966497,1,1,1,1,1,1
result.64,5.585733545,0.93563981,2.726846894,-1.069934773,-9.904329438,101.0822682,1,1,1,1,1,1
result.65,4.684026978,0.877225183,1.771683765,-2.106832633,-23.99658954,99.01713338,1,1,1,0,0,1
result.66,5.363388103,0.889020452,2.914857188,0.360739304,-0.041313561,102.1095887,1,1,1,1,1,1
result.67,5.70397964,0.872180099,2.92382036,1.346657535,4.395758075,105.0339074,1,1,1,1,1,1
result.68,3.564029217,0.926759083,3.150997912,0.211513478,-2.022554682,93.83381418,0,1,1,1,1,1
result.69,3.630071083,0.894692752,3.746591875,-2.43769233,-24.86306917,109.4851485,1,1,1,0,0,1
result.70,4.429291412,0.855925581,3.102072867,-2.169253044,-23.62909001,102.7817967,1,1,1,0,0,1
result.71,4.769871678,0.884922766,3.286618872,-2.463471023,-25.13153622,97.4717552,1,1,1,0,0,1
result.72,5.675816455,0.934637171,3.521455102,-0.639412472,-5.279903808,102.7753197,1,1,1,1,1,1
result.73,4.932073428,0.846170934,1.861081743,-2.373977344,-25.16889074,102.7185646,1,1,1,0,0,1
result.74,6.373751056,0.886268886,3.551516367,-0.478881533,-9.290403946,100.8837398,1,1,1,1,1,1
result.75,6.380327784,0.926905108,3.38401385,-3.355871281,-34.3122832,98.70928727,1,1,1,1,1,1
result.76,4.570460553,0.947564363,2.418938652,-2.520692233,-28.67517025,91.07120532,1,0,1,1,1,0
result.77,6.425835071,0.86291098,3.211261912,0.095909601,-5.548565961,105.4585846,1,1,1,1,0,1
result.78,3.874419706,0.948973697,2.485591844,0.172799636,5.577778025,94.23631756,1,1,1,1,1,1
result.79,5.676793691,0.953564088,1.759233305,-1.173304636,-10.12316573,98.13735584,1,0,1,1,1,1
result.80,4.358879821,0.946591339,4.02207576,-0.635013801,-7.514964356,96.43236206,1,1,1,1,1,1
result.81,4.865182307,0.936079779,2.726415684,-0.044837258,2.297017145,107.040114,1,1,1,1,1,1
result.82,5.261764273,0.863982724,4.548143721,-0.16802677,-10.35354053,99.75508992,1,1,1,1,1,1
result.83,4.223094458,0.957907965,3.016651371,-1.357120241,-11.97447046,94.14748058,1,0,1,1,1,1
result.84,5.985294155,0.866218848,4.399125155,-0.258761311,-10.43920113,106.895987,1,1,1,1,1,1
result.85,3.376145884,0.974215815,4.023189966,-1.159650869,-5.270957494,101.2361862,1,0,1,1,1,1
result.86,5.035842287,0.9567813,3.804266501,-1.017322357,-8.166308809,99.46357192,1,0,1,1,1,1
result.87,4.196327019,0.908351411,3.309058908,-2.478455987,-26.54060108,97.49316107,1,1,1,0,0,1
result.88,5.751528372,0.880404299,2.504049807,-2.442818805,-25.0464103,100.5583083,1,1,1,0,0,1
result.89,6.520689862,0.892623568,3.345196874,-0.464594084,-7.165715328,95.02286523,1,1,1,1,1,1
result.90,6.201742593,0.893138341,1.774179492,-2.623175894,-28.17288772,94.18152257,1,1,1,0,0,1
result.91,4.395005853,0.95356452,3.325099136,-1.001611712,-9.280006513,88.99993723,1,0,1,1,1,0
result.92,3.399881455,0.944207427,3.479925631,-2.254972975,-25.33706782,103.0824993,0,1,1,0,0,1
result.93,4.183143286,0.902961543,3.171039714,-2.381995917,-23.60292615,97.55208548,1,1,1,0,0,1
result.94,5.181237607,0.871656625,2.498157925,-2.159218093,-19.78788542,88.98407064,1,1,1,0,0,0
result.95,5.541442656,0.86349265,2.290193352,-2.303500559,-25.44548916,105.2815232,1,1,1,0,0,1
result.96,3.646049453,0.87975367,3.619376498,-2.332327203,-23.26869415,100.4469047,1,1,1,0,0,1
result.97,5.384810758,0.888386818,3.19245744,0.043615002,-4.079446807,99.50457963,1,1,1,1,1,1
result.98,5.492205031,0.879659757,2.816499059,-2.041583511,-22.39115922,103.8681629,1,1,1,0,0,1
result.99,4.427115094,0.927297056,2.809812505,-2.573296957,-27.89374075,95.89288432,1,1,1,0,0,1
result.100,5.230843401,0.962483225,2.524544305,-1.396995074,-10.2151753,99.61662495,1,0,1,1,1,1
result.101,4.832533026,0.908815673,2.071931699,-2.3082643,-26.83103539,107.0979913,1,1,1,0,0,1
result.102,5.908479219,0.871210639,3.116228801,2.534229904,13.31852522,94.21786481,1,1,1,0,1,1
result.103,4.109914362,0.947382105,3.272744658,-2.851077763,-31.63869139,87.74775065,1,0,1,1,1,0
result.104,5.13329227,0.899942628,2.378132758,-2.270763673,-24.22426862,91.8500402,1,1,1,0,0,1
result.105,5.286323282,0.925213881,2.693071938,-0.341955895,-2.269396626,105.1706798,1,1,1,1,1,1
result.106,5.252903991,0.912753677,3.445421139,-0.166487243,-5.029440791,95.32501508,1,1,1,1,1,1
result.107,4.133093031,0.966452178,2.860657437,-0.845566969,-6.936767383,101.1717112,1,0,1,1,1,1
result.108,3.41992286,0.888550098,3.862505793,-2.700393596,-25.73955376,90.8615076,1,1,1,0,0,1
result.109,5.320629999,0.889338536,2.481202646,1.209642357,6.644083479,96.35228227,1,1,1,1,1,1
result.110,4.605648374,0.929573278,3.33498002,-2.588160305,-27.80128495,97.96762317,1,1,1,1,1,1
result.111,5.16300381,0.935304015,2.064548863,-0.252112935,-0.386819572,96.55718409,1,1,1,1,1,1
result.112,7.096812704,0.85090706,2.393480929,-2.705635892,-27.45675388,99.36203775,0,1,1,0,0,1
result.113,4.750097744,0.940021857,2.587279085,-0.612731713,-4.50050502,91.59077876,1,1,1,1,1,1
result.114,4.534180245,0.925195784,4.132431238,-0.400478643,-8.061473295,90.80622768,1,1,1,1,1,1
result.115,5.13309279,0.91772904,4.335872342,-0.505414707,-7.129271344,96.18782553,1,1,1,1,1,1
result.116,4.889317476,0.944242697,2.517034824,-2.581001065,-28.58633713,99.85231186,1,1,1,0,1,1
result.117,4.286815611,0.865766969,2.547625594,-2.096492192,-23.93693777,100.0220553,1,1,1,0,0,1
result.118,6.757610371,0.930013385,1.373143959,-2.490723553,-25.02666307,93.91132567,1,1,1,1,1,1
result.119,5.254254906,0.934158043,4.056790714,-3.145543535,-29.78883994,98.56997048,1,1,1,1,1,1
result.120,4.321070749,0.956988485,2.220978763,-1.429418404,-15.92649682,93.01920925,1,0,1,1,1,1
result.121,6.72759164,0.810914939,2.438694755,-2.469013771,-24.20114735,112.8795482,1,1,1,0,0,0
result.122,5.034265935,0.922860713,1.898461171,0.218155458,5.62264349,100.0391617,1,1,1,1,1,1
result.123,5.513218703,0.882275221,2.520714778,0.906117407,3.994612449,96.50369618,1,1,1,1,1,1
result.124,6.742641001,0.902785323,2.14442511,-0.158076504,-3.206195659,97.4296765,1,1,1,1,1,1
result.125,4.66436111,0.896934553,3.577345429,-2.66982707,-26.22795841,107.2495934,1,1,1,0,0,1
result.126,3.971633214,0.909451287,3.003778007,-2.392243682,-26.53922574,98.10249325,1,1,1,0,0,1
result.127,6.797704276,0.841723146,2.735469956,-2.589552767,-26.37626482,102.4266257,1,1,1,0,0,1
result.128,4.749525604,0.92157632,3.241165845,-2.674483079,-27.9696234,93.96127576,1,1,1,0,1,1
result.129,4.135383758,0.892485719,3.209058328,-2.509600318,-25.6045578,101.4092282,1,1,1,0,0,1
result.130,4.135102039,0.896591036,3.389291482,-2.444144485,-25.60109342,98.70521666,1,1,1,0,0,1
result.131,3.524325661,0.997676055,3.622808086,-1.804536317,-13.50791758,98.91028192,1,0,1,1,1,1
result.132,5.609185104,0.871822146,4.448842469,-2.905497935,-25.0169406,98.35668108,1,1,1,1,1,1
result.133,5.024087043,0.865751641,3.627860427,-2.600376445,-25.31351031,97.80278106,1,1,1,0,0,1
result.134,5.222891591,0.932573566,3.011876217,-0.955872825,-8.854771553,98.56703615,1,1,1,1,1,1
result.135,5.42818683,0.906710875,3.994032993,-0.202979517,-3.713946207,111.0402203,1,1,1,1,1,1
result.136,4.139688871,0.965203406,2.824087122,-1.145616296,-6.562738646,104.9198819,1,0,1,1,1,1
result.137,6.240748645,0.918062291,2.006361697,-0.441829169,-5.150996314,101.3338767,1,1,1,1,1,1
result.138,4.876200038,0.806114461,4.255423665,-2.774798532,-24.23500993,103.0867006,1,1,1,0,0,1
result.139,4.923873687,0.943791302,2.447137769,-0.553430752,-2.955445637,101.5739705,1,1,1,1,1,1
result.140,4.799419852,0.791730438,3.012488578,-2.586451754,-24.53832087,106.6847262,1,1,1,0,0,1
result.141,6.06377848,0.875517717,2.46651495,0.941353612,7.783347954,112.1674696,1,1,1,1,1,1
result.142,4.758239954,0.904641394,2.800397424,-2.387362827,-23.37513439,103.5413648,1,1,1,0,0,1
result.143,3.210383232,0.989232224,3.729264218,-1.734172203,-14.3603894,94.17527386,1,0,1,1,1,1
result.144,4.655832465,0.926714,3.158017205,-0.408611843,-5.619345174,98.12054079,1,1,1,1,1,1
result.145,4.238003005,0.98020405,3.824385209,-1.441805147,-10.26083039,99.16493959,1,0,1,1,1,1
result.146,4.759992722,0.934189097,3.535636701,-0.516180031,-6.673597206,97.40566898,1,1,1,1,1,1
result.147,4.895195351,0.864458899,4.357852873,-0.042181591,-10.933826,97.65755108,1,1,0,1,0,1
result.148,4.245933924,0.927926268,3.134289069,-0.19390948,-4.574587901,94.95594609,1,1,1,1,1,1
result.149,4.415425746,0.835168132,2.358010014,-2.051656618,-24.36449828,108.744933,1,1,1,0,0,1
result.150,4.556826272,0.943229059,2.477430344,-0.767168818,-3.309801747,102.9186006,1,1,1,1,1,1
result.151,5.848791629,0.872731065,2.172846291,-2.43963342,-26.0346244,103.6078432,1,1,1,0,0,1
result.152,5.348426314,0.925159724,4.434769401,-0.579858095,-9.978022785,100.5061516,1,1,1,1,1,1
result.153,6.237635814,0.912284018,2.573287336,-0.343167634,-2.088805741,102.414309,1,1,1,1,1,1
result.154,3.778671629,0.872438564,3.596633044,-2.400969769,-24.52263688,101.8750951,1,1,1,0,0,1
result.155,6.338311776,0.910532715,2.692197885,-0.63288834,-8.739836831,95.70529415,1,1,1,1,1,1
result.156,3.840901027,0.862936184,3.143019266,-2.445321029,-23.12531332,102.0629778,1,1,1,0,0,1
result.157,4.49721723,0.939206567,3.680992848,-1.918949296,-16.38829331,102.3551538,1,1,1,1,1,1
result.158,5.504680002,0.939626199,3.354510398,-0.859306098,-8.105475449,106.5674955,1,1,1,1,1,1
result.159,3.555595658,0.982464095,3.044789253,-1.581262301,-12.45933436,93.80234622,1,0,1,1,1,1
result.160,4.005158741,0.944945052,3.537095651,-0.496915154,-6.716356115,98.65153082,1,1,1,1,1,1
result.161,4.307222111,0.950939163,3.342315462,-1.65300443,-14.31328654,100.65406,1,0,1,1,1,1
result.162,5.138531935,0.883380864,3.26995023,-2.884539881,-27.16038484,99.29712996,1,1,1,0,0,1
result.163,6.523000462,0.872190912,2.149580738,-2.320488297,-26.19967101,104.746271,0,1,1,0,0,1
result.164,3.987846752,0.938900999,2.59199214,-2.008833736,-19.75810286,98.46761041,1,1,1,0,0,1
result.165,5.74329244,0.912861011,3.004834692,-0.636922039,-6.638070029,101.7756389,1,1,1,1,1,1
result.166,4.210586622,0.93095306,4.368340193,-2.686532993,-28.5152148,107.2658657,1,1,1,1,1,1
result.167,4.821454491,0.852064913,2.734270351,-2.287796161,-25.81552621,94.49739481,1,1,1,0,0,1
result.168,3.966579465,0.917096368,3.225587344,-2.242634106,-23.40659258,106.7654737,1,1,1,0,0,1
result.169,4.679060354,0.844288287,3.221214216,-2.32253328,-24.84450985,103.0822401,1,1,1,0,0,1
result.170,4.183428211,0.878051896,3.026143081,-2.171640399,-25.4491997,101.1298997,1,1,1,0,0,1
result.171,4.883359794,0.949786376,3.2819111,-1.034567657,-10.31997261,94.26441684,1,1,1,1,1,1
result.172,5.532879774,0.821668178,2.913453158,-2.41811695,-25.25372506,106.3224366,1,1,1,0,0,1
result.173,4.268575929,0.910013988,3.151671502,-2.498731659,-27.26777414,105.9203935,1,1,1,0,0,1
result.174,5.44240779,0.912601017,1.919196669,-2.53639591,-25.0355997,107.3770361,1,1,1,0,0,1
result.175,5.659806312,0.910671796,1.637203733,-2.516801541,-25.49202027,98.99565617,1,1,1,0,0,1
result.176,4.257558161,0.927085361,3.646880666,-0.112747504,-5.391340594,104.3645721,1,1,1,1,1,1
result.177,4.278833733,0.947790414,3.196721156,-0.589672726,-1.289404931,105.6603625,1,1,1,1,1,1
result.178,4.521272603,0.925777387,3.089467922,-2.428884115,-25.75425997,90.77326976,1,1,1,1,1,0
result.179,3.834428156,0.849798395,2.722873545,-2.311174892,-23.46013666,106.0934239,1,1,1,0,0,1
result.180,4.587568825,0.920273864,3.819137382,-2.742685174,-26.14791838,107.9675847,1,1,1,0,0,1
result.181,4.897753837,0.945848388,2.604405429,-0.792509647,-4.572481445,91.04453303,1,1,1,1,1,1
result.182,5.046651547,0.869830204,2.650956244,-2.264698908,-26.60108299,107.0791235,1,1,1,0,0,1
result.183,3.757945736,0.924644333,2.999815064,-2.384389382,-24.52575867,93.19159135,1,1,1,0,0,1
result.184,4.925059833,0.933954288,4.198882002,-0.679975234,-8.264200233,89.61351855,1,1,1,1,1,0
result.185,6.393043182,0.801469687,2.251289511,-2.142151994,-24.31074542,103.0071125,1,1,1,0,0,1
result.186,5.602888948,0.920614696,1.936294998,-2.122540894,-22.97018327,91.93590539,1,1,1,0,1,1
result.187,5.148896803,0.883237593,2.00092677,-2.371478438,-25.62673705,105.0310524,1,1,1,0,0,1
result.188,5.764785769,0.914947334,3.420519298,-0.53175022,-7.671321819,95.03862858,1,1,1,1,1,1
result.189,5.456961021,0.893899226,4.106081555,-0.397381184,-8.703652945,96.73628641,1,1,1,1,1,1
result.190,6.77739384,0.898378088,2.230136289,-0.678084656,-10.45825508,96.93595524,1,1,1,1,1,1
result.191,4.754137965,0.867609233,3.478552775,-2.25877708,-25.19153876,97.49438721,1,1,1,0,0,1
result.192,6.236744254,0.923175664,2.245850096,-0.644618518,-5.708805715,93.82451733,1,1,1,1,1,1
result.193,4.04134522,0.88443622,3.278563606,-2.401444247,-24.76683888,95.39305097,1,1,1,0,0,1
result.194,4.941010829,0.821883755,3.88657728,-2.491521149,-25.08076594,105.6043948,1,1,1,0,0,1
result.195,6.502463721,0.822833615,2.872185479,-2.411485415,-26.09704754,111.5201244,1,1,1,0,0,0
result.196,5.526765247,0.903339586,3.896220557,-0.328785206,-7.876524661,94.37874877,1,1,1,1,1,1
result.197,5.783897547,0.914885197,2.307462661,-2.543557848,-28.98363177,103.6410703,1,1,1,0,0,1
result.198,4.758086435,0.889444851,3.346674456,-2.529513322,-25.27392435,87.66061128,1,1,1,0,0,0
result.199,6.053547159,0.951893936,2.863708973,-1.204547583,-9.198398968,94.00678126,1,0,1,1,1,1
result.200,5.487593272,0.874257912,2.077325202,-2.339951237,-25.0954375,97.82503744,1,1,1,0,0,1
result.201,4.414231105,0.901286522,3.139094426,-2.450727405,-27.08481794,99.72889237,1,1,1,0,0,1
result.202,3.419870295,0.959716072,2.400939123,-1.531557292,-14.6463541,96.8736351,0,0,1,1,1,1
result.203,5.046623287,0.88095172,2.366738702,-2.016893561,-24.46538712,106.5032273,1,1,1,0,0,1
result.204,5.460524897,0.915488625,3.714390224,-2.986589202,-31.51787019,99.76794193,1,1,1,1,1,1
result.205,4.749206113,0.805843378,2.673686397,-2.522808684,-23.03749779,107.5589812,1,1,1,0,0,1
result.206,6.286478848,0.916446214,2.484223011,-2.631554962,-23.47157731,97.89881458,1,1,1,1,1,1
result.207,3.904061857,0.948191163,2.202407127,-2.165333969,-22.66032187,101.474045,1,1,1,0,0,1
result.208,5.149957736,0.903374768,2.340724008,1.272075317,10.59979073,95.65644616,1,1,1,1,1,1
result.209,6.456206155,0.943345427,2.344864948,-1.512425056,-14.92174573,92.71934277,1,1,1,1,1,1
result.210,5.214423117,0.914782602,2.109276955,0.855836381,12.89048134,109.3097243,1,1,1,1,1,1
result.211,4.374952701,0.883641519,3.221965559,-2.758815385,-26.07216386,102.2061341,1,1,1,0,0,1
result.212,4.397257633,0.859670651,4.689150909,-2.840975418,-28.30116145,102.993668,1,1,0,0,0,1
result.213,4.470066146,0.922387713,3.422043387,-2.56882179,-26.69246685,99.33510445,1,1,1,0,0,1
result.214,4.576574212,0.92973687,3.69403906,-0.379543389,-3.273003586,100.3259171,1,1,1,1,1,1
result.215,5.759339149,0.873955638,3.281318411,-0.011315641,-5.204019136,99.45123245,1,1,1,1,1,1
result.216,4.993426046,0.871424217,2.594650331,-2.365982232,-25.88816956,99.02787224,1,1,1,0,0,1
result.217,4.527277032,0.958270048,3.40132982,-1.25020904,-9.582420896,99.24709358,1,0,1,1,1,1
result.218,5.515188019,0.830985362,2.563005745,-2.288798212,-22.04779402,102.1888407,1,1,1,0,0,1
result.219,4.589050456,0.91285748,3.489175419,-2.383191861,-24.45089082,100.4948224,1,1,1,0,0,1
result.220,4.871855239,0.90988367,2.629428618,-2.472906062,-26.77813919,91.43814186,1,1,1,0,0,0
result.221,4.914610742,0.942629693,3.2207169,-1.583741137,-13.56166957,96.84673629,1,1,1,1,1,1
result.222,6.482120121,0.883652115,2.844869957,-0.11301903,-2.832772975,103.5157361,1,1,1,1,1,1
result.223,4.753604533,0.958767481,1.962369806,-1.002275519,-9.77598833,99.19258245,1,0,1,1,1,1
result.224,6.181834813,0.885647869,3.103013046,-2.85912817,-29.80216074,102.4276443,1,1,1,0,0,1
result.225,5.882326853,0.892174494,2.945624081,-2.675688126,-26.74082989,102.1386509,1,1,1,0,0,1
result.226,4.717747121,0.891184059,2.342438949,-2.053274279,-24.06583389,100.3547615,1,1,1,0,0,1
result.227,4.176249328,0.896071303,2.424386789,-2.529045887,-24.63317987,93.80208969,1,1,1,0,0,1
result.228,3.102612613,0.936031483,3.801221495,-2.275807857,-22.77141686,97.1621994,0,1,1,0,0,1
result.229,5.843217149,0.877180758,2.527922044,-2.486059034,-27.82672085,101.8968721,1,1,1,0,0,1
result.230,5.362225169,0.953397375,2.690313489,-2.082618169,-20.78902715,94.85788504,1,0,1,1,1,1
result.231,4.320461498,0.913218692,3.627866158,0.320684594,-2.097706522,97.88193973,1,1,1,1,1,1
result.232,5.558870866,0.825173711,3.064960793,-2.349967785,-24.22937898,117.2017136,1,1,1,0,0,0
result.233,5.972729283,0.889764191,3.56268408,-0.224217112,-6.348330162,96.65990647,1,1,1,1,1,1
result.234,5.166486806,0.971611719,2.61359297,-1.43161494,-10.90976275,98.92716562,1,0,1,1,1,1
result.235,3.942397114,0.958246795,2.634212542,-0.273522963,1.583561898,99.33108269,1,0,1,1,1,1
result.236,5.845495881,0.87195463,2.88032992,-2.715031868,-28.19840844,88.76320824,1,1,1,0,0,0
result.237,6.164502355,0.84059758,3.748714335,-2.825343516,-27.42912069,114.1316541,1,1,1,0,0,0
result.238,4.593753032,0.871430494,1.991440347,-2.276746911,-25.20100872,107.0696034,1,1,1,0,0,1
result.239,6.030233602,0.893449086,3.583052277,-2.919969189,-30.0545522,103.511186,1,1,1,1,1,1
result.240,4.706213684,0.837459891,3.446070772,-2.443946555,-26.09725645,103.8541602,1,1,1,0,0,1
result.241,6.183351029,0.92706156,2.910769503,-0.685171744,-9.097539885,99.33464661,1,1,1,1,1,1
result.242,3.77451554,0.84720988,4.223684722,-2.448699743,-26.28301362,106.9167342,1,1,0,0,0,1
result.243,5.323395702,0.92394222,5.509936019,-0.83879667,-9.281315741,90.12212003,1,1,1,1,1,0
result.244,5.132681738,0.879667365,3.066244321,-2.435240109,-26.56926804,110.7863316,1,1,1,0,0,0
result.245,5.617539827,0.917179724,3.141494803,-0.554233803,-9.476786447,97.29773094,1,1,1,1,1,1
result.246,4.542557937,0.895127454,3.347695877,-2.540120731,-26.03823407,97.82178782,1,1,1,0,0,1
result.247,5.263156453,0.891583746,2.629115486,1.214214956,7.357659831,100.4203437,1,1,1,1,1,1
result.248,6.991540798,0.84969874,3.662128842,-3.142467714,-28.82276864,100.4628469,1,1,1,0,0,1
result.249,4.766198807,0.924493534,2.588760985,-2.346597558,-24.48469114,101.977376,1,1,1,0,0,1
result.250,4.617377527,0.971511155,2.510473917,-1.771833418,-13.42548477,93.39778173,1,0,1,1,1,1
result.251,4.227910214,0.917308756,3.006716842,-2.391095252,-24.70395378,97.17072723,1,1,1,0,0,1
result.252,4.360474875,0.956145725,2.79376967,-1.206214902,-10.11477077,101.9252587,1,0,1,1,1,1
result.253,6.066967033,0.896955749,1.013195523,-2.62378888,-25.79914015,105.4857433,1,1,1,0,0,1
result.254,5.479092745,0.939998557,2.184472672,-1.041422719,-7.069912615,99.01558522,1,1,1,1,1,1
result.255,5.640617736,0.860097287,3.735474491,-3.022667753,-27.27652525,102.4589036,1,1,1,0,0,1
result.256,6.34732798,0.84234762,3.082826262,-2.598064696,-26.77076185,100.5958425,1,1,1,0,0,1
result.257,3.784006311,0.939967701,2.358230796,-2.271414872,-25.48771091,98.66374125,1,1,1,0,0,1
result.258,4.656682995,0.921655326,2.956850173,-2.536557734,-26.57218187,101.2014509,1,1,1,0,0,1
result.259,3.955828228,0.85128221,2.554993445,-2.069705733,-23.63756367,97.50691728,1,1,1,0,0,1
result.260,4.948699593,0.947386947,3.314985834,-0.613730642,-5.212521128,104.784127,1,1,1,1,1,1
result.261,5.034349772,0.944575669,2.78800023,-2.976125748,-31.97712397,105.733861,1,1,1,0,0,1
result.262,4.830491731,0.941416834,3.275820905,-0.460464843,-6.032419896,96.0392857,1,1,1,1,1,1
result.263,3.034564082,0.859898499,2.951824623,-2.488855248,-27.12283845,97.94228249,1,1,1,0,0,1
result.264,6.445373505,0.914517332,3.767483969,-0.830358409,-11.20419254,96.30675738,1,1,1,1,1,1
result.265,4.890380096,0.893594237,3.081840589,0.4084428,-0.96762051,98.57323383,1,1,1,1,1,1
result.266,4.525783596,0.87126365,3.709104154,-2.532862707,-25.48961886,96.84836844,1,1,1,0,0,1
result.267,3.71264281,0.980783584,2.634339049,-2.040579379,-20.06333326,91.64714038,1,0,1,1,1,1
result.268,4.825877017,0.92526698,2.860633389,0.06932773,0.182375124,96.9540584,1,1,1,1,1,1
result.269,3.943812575,0.890521302,2.475030596,-2.140118888,-24.24694277,109.9425084,1,1,1,0,0,1
result.270,3.477900373,0.942853658,2.729519925,-2.351079331,-24.15268469,93.80014722,1,1,1,0,0,1
result.271,5.198071651,0.950996404,5.026300237,-0.977902914,-9.194530923,96.58532297,1,1,1,1,1,1
result.272,4.109038347,0.949769058,4.051601139,-2.258943878,-25.07502516,109.3200909,1,0,1,1,1,1
result.273,5.271019093,0.909371514,0.45065226,-2.47255015,-29.28166246,95.0079814,1,1,1,0,0,1
result.274,7.510206298,0.847105388,3.82407293,-0.287513737,-8.068856227,103.8846045,1,1,1,1,1,1
result.275,5.730735723,0.975664251,4.757725899,-1.503495235,-13.20728015,101.232252,1,0,1,1,1,1
result.276,5.454134579,0.860950635,3.506704459,1.534154243,4.587435676,102.5607653,1,1,1,1,1,1
result.277,5.374529999,0.886448485,4.035123463,-0.209126736,-7.933085788,91.72610382,1,1,1,1,1,1
result.278,4.662706841,0.895021408,3.69938013,0.395307618,-2.955450992,111.2883437,1,1,1,1,1,0
result.279,5.330154413,0.899312354,3.477247265,-0.013751182,-4.476738044,105.6701459,1,1,1,1,1,1
result.280,4.74671302,0.882482065,3.202753301,0.87200414,-0.21205777,96.08902568,1,1,1,1,1,1
result.281,4.977115116,0.867715363,3.458790835,0.402199749,-5.137992914,97.21241081,1,1,1,1,0,1
result.282,7.292932652,0.850883315,2.508269968,-2.670091456,-26.11862278,100.3840066,0,1,1,0,0,1
result.283,6.009018975,0.897702127,1.670088155,-2.37577981,-24.61570936,103.6418482,1,1,1,0,0,1
result.284,4.99317479,0.941322175,2.665473786,-0.656348733,-5.192125954,99.43671006,1,1,1,1,1,1
result.285,3.747765531,0.942407379,3.898172675,-0.165194018,-5.40472876,97.56968648,1,1,1,1,1,1
result.286,3.995390515,0.915868656,2.671927164,-2.309617003,-26.39477403,107.8564205,1,1,1,0,0,1
result.287,5.141617025,0.912897278,3.068978098,-2.760828444,-28.59007034,92.3634248,1,1,1,0,0,1
result.288,5.083443202,0.932532079,2.174213785,-2.480898934,-25.76755345,91.04735712,1,1,1,1,1,1
result.289,4.61059285,0.790386899,3.100217308,-2.228601761,-23.92734256,102.7341461,1,1,1,0,0,1
result.290,4.932359991,0.857817355,2.486372982,-2.481958378,-25.96922323,100.7917488,1,1,1,0,0,1
result.291,5.51108102,0.950253355,2.732370271,-1.161363672,-11.29234996,90.893591,1,0,1,1,1,0
result.292,4.533328378,0.935904134,2.995390173,-1.896135783,-20.78911979,90.20859651,1,1,1,1,1,0
result.293,5.67023975,0.920188711,2.702565928,-2.635559796,-25.57231209,98.60556616,1,1,1,1,1,1
result.294,5.566173085,0.93582514,2.78551777,-0.911752665,-5.910009296,91.37359256,1,1,1,1,1,1
result.295,3.181134273,0.925385893,3.597283689,-2.644700477,-26.01890542,110.9111515,1,1,1,0,0,0
result.296,3.597643221,0.898979228,2.507265982,-2.242561752,-27.95625172,96.18954837,1,1,1,0,0,1
result.297,5.598114227,0.931800536,3.305041466,-1.625990791,-14.1523928,98.62131699,1,1,1,1,1,1
result.298,6.698378458,0.891488692,2.044143007,-0.31757073,-3.873410071,87.03723415,1,1,1,1,1,0
result.299,4.194385932,0.877925347,3.810204448,-2.743397232,-27.56131649,104.6513353,1,1,1,0,0,1
result.300,5.695300879,0.873793376,2.354872915,-2.505196877,-26.65986978,98.33237911,1,1,1,0,0,1
result.301,5.192079424,0.881396495,3.557049829,-2.751676473,-26.19374893,96.49383502,1,1,1,0,0,1
result.302,4.816275133,0.947186901,3.189282769,-0.61822401,-3.485536929,98.90962659,1,1,1,1,1,1
result.303,4.469818553,0.914757042,2.2248689,-2.264372841,-27.43033774,96.61017802,1,1,1,0,0,1
result.304,6.271444834,0.781979557,4.02794125,0.215329227,-12.13198198,96.34030704,1,0,1,1,0,1
result.305,5.585284938,0.90525538,1.599132009,-2.276431355,-27.22536574,95.52598928,1,1,1,0,0,1
result.306,4.932843912,0.949937654,1.439717595,-0.519546537,-2.822866743,91.59517274,1,1,1,1,1,1
result.307,3.923390422,0.909733644,2.8681191,-2.416429583,-26.53566924,100.0515437,1,1,1,0,0,1
result.308,5.290622638,0.854442458,3.880617363,-2.506917408,-26.63567037,112.1093765,1,1,1,0,0,0
result.309,4.66262186,0.969108795,2.265624485,-1.861268395,-16.59503941,99.43611036,1,0,1,1,1,1
result.310,6.108179857,0.839420645,3.569628756,-2.966924992,-25.71393247,97.93547627,1,1,1,0,0,1
result.311,5.546087261,0.952968789,2.885621999,-0.812276535,-8.250959092,96.49462319,1,0,1,1,1,1
result.312,4.522120467,0.947017662,2.904138915,-0.471046402,-0.729741322,93.5356894,1,1,1,1,1,1
result.313,4.939144933,0.86818243,3.393271057,0.061906618,-7.204603717,95.14048171,1,1,1,0,0,1
result.314,3.220569133,0.818534034,3.841654437,-2.534562813,-25.69088139,106.8603711,1,1,1,0,0,1
result.315,3.568846395,0.973264529,3.748013599,-0.902407085,-6.199126161,99.90812148,1,0,1,1,1,1
result.316,4.429527305,0.881366316,2.264622671,-2.303284418,-25.70449781,101.4354283,1,1,1,0,0,1
result.317,2.946963886,0.972175463,2.314190324,0.018280973,12.88340896,103.2291483,0,0,1,1,1,1
result.318,4.948372337,0.922542394,1.666500351,0.717913677,10.0826594,90.90780615,1,1,1,1,1,0
result.319,3.916225332,0.965585802,2.745333442,-1.577090078,-13.71596767,100.8173958,1,0,1,1,1,1
result.320,3.468766215,0.952234175,0.994541938,-2.270459321,-22.91812532,89.76969556,1,0,1,0,0,1
result.321,4.907727499,0.917799887,2.546590569,0.021351523,-0.934091298,93.25071494,1,1,1,1,1,1
result.322,4.939807417,0.963097878,2.984538044,-1.442470801,-10.95982427,94.3710012,1,0,1,1,1,1
result.323,4.577349798,0.916404238,2.929697969,-2.378537093,-24.81312782,101.8806998,1,1,1,0,0,1
result.324,4.188540185,0.875644827,2.901174435,-2.262130051,-23.26570076,97.24314788,1,1,1,0,0,1
result.325,6.028890804,0.906746053,3.806039652,-3.081482412,-27.79401113,91.30505705,1,1,1,1,1,1
result.326,4.548981284,0.940706817,2.172650976,-2.704899271,-31.91276936,102.3632819,1,1,1,0,0,1
result.327,3.816578131,0.924059272,4.816531161,-0.018047648,-7.605969649,93.89197891,1,1,1,1,1,1
result.328,4.330827236,0.883235185,3.062220743,-2.509198481,-25.08307045,102.0318139,1,1,1,0,0,1
result.329,4.012613708,0.876360679,2.708868443,-2.126895063,-22.53811267,100.9173509,1,1,1,0,0,1
result.330,4.988053125,0.906405523,4.79010311,-3.200190585,-29.72708884,88.90025384,1,1,1,1,1,0
result.331,5.671911204,0.883795449,2.736011923,-2.45728623,-27.80809185,95.91756845,1,1,1,0,0,1
result.332,5.464189246,0.877621733,1.202590211,-2.269890377,-25.79120256,101.7374141,1,1,1,0,0,1
result.333,4.546939728,0.883559092,3.498264412,-2.545210485,-27.37219646,95.75688279,1,1,1,0,0,1
result.334,5.123162855,0.850876007,2.728029293,-2.276042547,-23.79728493,96.96961577,1,1,1,0,0,1
result.335,4.63592772,0.900302335,2.615420311,-2.256540699,-24.82780298,97.36545075,1,1,1,0,0,1
result.336,4.566848289,0.889543817,2.470667618,-2.318577578,-25.56538157,102.6814617,1,1,1,0,0,1
result.337,5.914634506,0.931696148,2.277840695,-1.306275267,-11.82157866,92.20871355,1,1,1,1,1,1
result.338,4.641367642,0.94079679,3.357713646,-0.568374258,-6.413415832,101.3803962,1,1,1,1,1,1
result.339,3.327686934,0.917457456,3.295215201,-2.181169771,-24.12967554,104.1450616,0,1,1,0,0,1
result.340,3.810832725,0.923995429,3.96776151,0.134063956,-4.091041872,90.56792996,1,1,1,1,1,0
result.341,6.448796304,0.827949934,3.156722445,-2.426117678,-23.12573041,108.845945,1,1,1,0,0,1
result.342,4.958609448,0.895128053,3.703138229,0.293920726,-4.745647839,103.1251419,1,1,1,1,1,1
result.343,4.580358503,0.910627205,3.037365859,-2.143131424,-22.09853893,100.9099747,1,1,1,0,0,1
result.344,5.439056448,0.930483973,2.487589181,-2.540299043,-25.87572186,94.40375697,1,1,1,1,1,1
result.345,6.039270065,0.861105602,2.201315882,-2.317866062,-26.24525245,99.33120334,1,1,1,0,0,1
result.346,5.272800372,0.852810976,3.586966205,-2.593415999,-26.16224023,101.6499597,1,1,1,0,0,1
result.347,3.726764386,0.976625717,1.973412218,-1.857634631,-17.95162381,93.18864571,1,0,1,1,1,1
result.348,5.219163604,0.854042715,3.234030426,-2.386768538,-25.547591,105.5010506,1,1,1,0,0,1
result.349,4.263105383,0.901883882,1.787703958,-2.27893459,-23.93170817,95.1378417,1,1,1,0,0,1
result.350,5.778273416,0.824876323,3.567929334,-2.839625082,-25.37528087,98.15166038,1,1,1,0,0,1
result.351,4.91842704,0.923154633,2.510099539,-2.458903765,-27.60601479,100.6677253,1,1,1,0,0,1
result.352,6.272459798,0.874213436,2.34279544,-2.464007643,-27.59708321,93.2550076,1,1,1,0,0,1
result.353,5.288652987,0.898862801,3.846578793,-0.087776673,-5.205602832,103.9730345,1,1,1,1,1,1
result.354,4.097322739,0.892653632,4.414105673,-2.806425566,-25.39052905,91.99316388,1,1,1,0,0,1
result.355,4.898496722,0.915838984,3.784214487,-2.78813031,-28.03273732,102.6251328,1,1,1,1,1,1
result.356,3.136972119,0.917423646,3.730668296,-2.492404664,-24.74155841,103.2560602,0,1,1,0,0,1
result.357,7.19235675,0.87077484,2.428474403,-0.30529773,-5.966529865,89.60970761,1,1,1,1,1,0
result.358,4.047403517,0.846704377,2.466699581,-2.307566313,-24.20430723,102.9284842,1,1,1,0,0,1
result.359,3.077462013,0.896014404,2.044947344,-2.381794242,-27.12963225,113.5822717,1,1,1,0,0,1
result.360,4.786671889,0.898011767,1.843310215,-2.207307622,-26.02765841,104.6768292,1,1,1,0,0,1
result.361,4.533742007,0.861485639,3.145005766,-2.338528651,-26.54668219,105.2273297,1,1,1,0,0,1
result.362,5.834073551,0.854391805,3.17326256,-2.717154933,-26.66212494,97.94573989,1,1,1,0,0,1
result.363,5.004404002,0.888766268,3.995603113,-0.079254636,-5.537242567,94.17361986,1,1,1,1,1,1
result.364,6.164759838,0.889317822,1.954516509,-2.562145147,-24.68886057,102.4218537,1,1,1,0,0,1
result.365,3.650953739,0.95599676,2.690325297,-2.127462358,-25.99588672,100.139134,1,0,1,1,1,1
result.366,6.165665474,0.89076504,2.573628411,-0.397338459,-8.448339583,93.7041586,1,1,1,1,1,1
result.367,4.648321278,0.936302772,2.976734631,-0.45463116,-2.479840332,104.7576095,1,1,1,1,1,1
result.368,6.471054668,0.920423303,2.831368283,-0.659984373,-7.156640273,97.53163548,1,1,1,1,1,1
result.369,5.466912467,0.912528987,1.801101953,0.649183763,9.294544231,101.2445747,1,1,1,1,1,1
result.370,5.157694385,0.887109188,2.026115185,-2.168410391,-25.73224118,89.12086305,1,1,1,0,0,0
result.371,5.7074669,0.874328633,4.710143223,-0.210979689,-6.815029571,101.3623738,1,1,1,1,1,1
result.372,5.079372041,0.896402658,2.821748678,-2.373774401,-26.26168744,99.18836144,1,1,1,0,0,1
result.373,3.601940773,0.975049792,3.164826135,-1.596067303,-12.30500229,100.243335,1,0,1,1,1,1
result.374,4.319333479,0.946009445,4.368463349,-0.640248361,-8.935873298,87.1598087,1,1,1,1,1,0
result.375,5.428576139,0.9327927,3.241467409,-3.004243259,-29.23119697,95.14395438,1,1,1,1,1,1
result.376,5.037536018,0.979014557,3.615737861,-2.201018535,-19.78230244,93.74831777,1,0,1,1,1,1
result.377,5.165488923,0.891358201,1.416900911,-2.055996266,-24.13442434,105.8434339,1,1,0,0,0,1
result.378,5.911211189,0.891705689,4.262139414,-0.50446598,-8.079580076,99.7447458,1,1,1,1,1,1
result.379,4.841446463,0.882070497,3.203673806,-2.299814482,-23.46595489,100.9819775,1,1,1,0,0,1
result.380,4.602366479,0.821285092,2.621449362,-2.22856598,-26.37952153,104.6076163,1,1,1,0,0,1
result.381,3.926626455,0.990139858,3.197939974,-1.684757595,-12.19083015,97.52169049,1,0,1,1,1,1
result.382,3.515537632,0.934680002,3.446906125,-2.498064115,-28.68586242,96.40716796,1,1,1,0,0,1
result.383,6.048034271,0.885330585,3.326596616,-0.107238085,-5.880518617,109.2080614,1,1,1,1,1,1
result.384,5.996429045,0.900482977,2.947141113,-0.624116811,-8.323417978,91.31740738,1,1,1,1,1,0
result.385,6.067383441,0.905699073,2.441536438,-2.65954258,-27.35715824,98.55277594,1,1,1,1,1,1
result.386,4.318486071,0.877571623,2.935044006,-2.335842159,-23.45639445,97.37978336,1,1,1,0,0,1
result.387,5.201265153,0.906085578,2.344095646,-2.295988441,-26.42261948,98.81132693,1,1,1,0,0,1
result.388,7.309968466,0.863000691,3.101922423,-0.16212123,-4.396787864,113.9636462,1,1,1,1,1,0
result.389,5.343503766,0.910107245,2.771054972,-2.507376761,-27.09659087,96.74170156,1,1,1,0,0,1
result.390,7.160412452,0.840886823,3.584247203,-3.014540674,-27.93442497,111.6851898,1,1,1,0,0,0
result.391,6.468104428,0.861351207,2.745144553,-2.685668144,-25.91423708,101.6818617,1,1,1,0,0,1
result.392,4.034355594,0.89909652,3.893174273,-2.619288878,-27.26989812,103.9943645,1,1,1,0,0,1
result.393,6.870593104,0.86108725,2.654004466,0.317614341,-0.128532392,96.44053143,1,1,1,1,1,1
result.394,5.119508257,0.93961071,2.355487492,-1.880023857,-17.41543753,100.4885637,1,1,1,1,1,1
result.395,3.486268,0.960136636,2.975422279,-2.417078228,-23.28867764,93.28010551,1,0,1,0,1,1
result.396,5.433218154,0.86016997,2.076555116,-2.239143793,-26.48532418,93.80613044,1,1,1,0,0,1
result.397,4.484333066,0.919739062,2.2681416,-2.325106249,-27.05982457,99.17595232,1,1,1,0,0,1
result.398,5.025123318,0.907643881,4.674279053,-2.998467237,-28.37767722,102.5714032,1,1,1,1,1,1
result.399,6.108550619,0.872540675,4.13570053,-2.94506604,-27.18909591,98.8323968,1,1,1,0,1,1
result.400,5.315946972,0.905337183,3.220966229,-2.51399666,-26.55366765,100.054075,1,1,1,0,0,1
result.401,4.996771267,0.910941267,2.421314924,0.52311643,7.326873358,98.16858737,1,1,1,1,1,1
result.402,4.379599773,0.882153318,4.214340045,-2.648015628,-26.24366592,103.0433531,1,1,1,0,0,1
result.403,4.822512455,0.960895647,2.468427125,-1.975479055,-19.32593599,91.86300775,1,0,1,1,1,1
result.404,5.159638979,0.903683765,2.714515166,-2.311932755,-21.74571619,97.07212348,1,1,1,0,0,1
result.405,3.271499664,0.979191624,2.972905964,-2.144557312,-20.79463181,90.25873295,1,0,1,1,1,1
result.406,6.679833725,0.902802054,3.932400202,-0.439096602,-6.550370196,108.0386918,1,1,1,1,1,1
result.407,4.027693346,0.954911679,2.835133799,-1.305225386,-11.58446697,93.22956865,1,0,1,1,1,1
result.408,4.810454297,0.941705362,3.163071433,-2.680520903,-24.88729573,95.20282618,1,1,1,1,1,1
result.409,3.889538006,0.861666517,2.563456389,-2.261399722,-27.35448503,98.06293799,1,1,1,0,0,1
result.410,4.256466987,0.929256136,3.941197505,-0.204577655,-3.279029347,103.9333641,1,1,1,1,1,1
result.411,4.939252439,0.92200271,2.73832188,-2.479376317,-28.72079022,107.0350666,1,1,1,0,0,1
result.412,5.49107883,0.863775531,3.842862146,0.109986495,-6.977683612,97.42672346,1,1,1,1,0,1
result.413,4.613126384,0.957817749,3.182387227,-1.872487177,-16.91331819,95.05064325,1,0,1,1,1,1
result.414,5.076957495,0.914598562,2.84413981,0.212544817,2.657195795,101.579174,1,1,1,1,1,1
result.415,5.487347818,0.900285977,3.171869382,-2.650331962,-25.18688138,94.65369349,1,1,1,0,1,1
result.416,6.085068329,0.904760645,2.821410457,-2.592971987,-28.33562502,103.4432609,1,1,1,0,0,1
result.417,3.888100361,0.881741627,1.232094982,-2.241846172,-24.47972008,98.68026358,1,1,1,0,0,1
result.418,4.570340601,0.893956983,3.865882248,-2.618380834,-28.49774931,104.3242801,1,1,1,0,0,1
result.419,4.27778231,0.815571917,2.495285028,-2.114571584,-24.79837644,105.6491801,1,1,1,0,0,1
result.420,5.517623191,0.95246317,2.346233651,-2.99634115,-31.60667868,92.26170718,1,0,1,1,1,1
result.421,3.493058179,0.941739704,4.053898724,-2.586131109,-23.9736977,94.69965448,1,1,1,1,1,1
result.422,4.298068843,0.946453886,2.202895865,-2.260521528,-22.86889906,91.94310647,1,0,1,0,1,1
result.423,6.041092184,0.856043902,2.479799558,-2.49782025,-27.70199155,107.9781688,1,1,1,0,0,1
result.424,4.326407669,0.988776916,2.880266557,-1.645960349,-15.08362271,87.92018652,1,0,1,1,1,0
result.425,5.053125332,0.747495767,3.076555043,-2.498100923,-24.85251568,101.885459,1,0,1,0,0,1
result.426,4.578042399,0.802795788,2.839653597,-2.261822964,-23.06440061,106.6487346,1,1,1,0,0,1
result.427,4.366112063,0.916853164,2.654193132,-2.297912,-25.30857182,107.735279,1,1,1,0,0,1
result.428,5.434996532,0.827811751,2.4097101,-2.218836275,-25.61361323,102.1087293,1,1,1,0,0,1
result.429,4.156101321,0.965904665,1.636072743,-1.48611344,-11.60123071,105.1762543,1,0,1,1,1,1
result.430,4.579745486,0.922244605,3.346955036,-2.805412071,-30.2516393,99.66744248,1,1,1,0,0,1
result.431,6.308951664,0.865077194,3.483651747,-0.191099967,-7.42429587,93.53133242,1,1,1,1,1,1
result.432,4.58203716,0.849556041,3.616256808,-2.477119773,-25.08920924,110.3877384,1,1,1,0,0,1
result.433,5.551407556,0.89536073,3.786695916,-0.312304514,-6.611981647,92.64596604,1,1,1,1,1,1
result.434,5.051494456,0.856672357,2.857875128,-2.563200575,-25.9912049,102.2908978,1,1,1,0,0,1
result.435,5.442506163,0.934392114,3.289515171,-0.657235983,-3.585011698,101.4693244,1,1,1,1,1,1
result.436,6.066361453,0.902061536,2.925515238,-2.749371807,-29.46349444,102.5485891,1,1,1,0,1,1
result.437,4.928572241,0.869341134,4.381681569,-2.918757005,-26.02865289,94.61711269,1,1,1,0,0,1
result.438,4.98643244,0.96563249,0.854143189,-1.721276942,-14.34950778,100.9472438,1,0,1,1,1,1
result.439,6.532738397,0.952382127,2.736810458,-1.14200406,-10.13015448,92.20057864,1,0,1,1,1,1
result.440,4.248652484,0.844093252,4.179874223,-2.522393344,-23.44187584,113.2853807,1,1,1,0,0,0
result.441,3.495162333,0.97632093,4.787892342,-2.274873888,-14.40871575,93.47143383,1,0,1,1,1,1
result.442,5.323963185,0.939115119,2.890153045,-0.642204526,-2.467042024,97.57748766,1,1,1,1,1,1
result.443,4.142517284,0.836342785,1.097129208,-2.09297108,-24.01884755,94.86808409,1,1,1,0,0,1
result.444,5.66214886,0.867543958,2.894040133,-2.560817549,-26.2732603,98.19925944,1,1,1,0,0,1
result.445,5.100308148,0.948420108,3.730491872,-0.891475267,-7.715097862,97.1879221,1,1,1,1,1,1
result.446,4.819162083,0.946619391,2.641275537,-0.566434855,-1.691301198,96.00926098,1,1,1,1,1,1
result.447,5.416788164,0.878737325,3.574411159,-2.689680748,-26.21982623,108.5585913,1,1,1,0,0,1
result.448,6.353310441,0.903689024,4.152235096,-0.69091336,-11.55803855,101.5458407,1,1,1,1,1,1
result.449,5.068694363,0.869524082,3.489886201,1.212177202,0.918955499,95.88345467,1,1,1,1,1,1
result.450,4.971814357,0.917295624,2.532568406,-2.570852177,-27.79225375,101.2584924,1,1,1,0,0,1
result.451,4.373824707,0.890080392,3.800126129,-2.604396558,-25.78904509,100.5308938,1,1,1,0,0,1
result.452,5.718306233,0.923820098,3.11002435,-0.53608669,-3.913458852,106.8573629,1,1,1,1,1,1
result.453,3.369383226,0.883141557,2.78473991,-2.184056007,-22.54789221,102.8314529,1,1,1,0,0,1
result.454,6.111034325,0.918208795,2.223592258,-0.489019426,-6.581037156,97.44096667,1,1,1,1,1,1
result.455,4.823865042,0.934079487,3.243102465,-0.523721988,-4.420399349,98.38885105,1,1,1,1,1,1
result.456,4.575488645,0.892028141,3.451408149,1.437491188,4.59504575,102.3263592,1,1,1,1,1,1
result.457,4.334751332,0.90334586,3.727131951,-2.59320249,-25.7786706,103.7250955,1,1,1,0,0,1
result.458,6.383950331,0.856685253,2.618089687,0.839138631,0.968079846,99.48571409,1,1,1,1,1,1
result.459,3.772279926,0.883356851,3.746416175,-2.607316034,-26.70367537,100.6922136,1,1,1,0,0,1
result.460,5.006361701,0.916065224,3.801647364,-2.97275102,-30.14561668,93.56081716,1,1,1,1,1,1
result.461,5.233723714,0.940607821,2.77061203,-0.645107464,-2.792102345,101.6487553,1,1,1,1,1,1
result.462,4.92527488,0.87074845,4.084725864,0.102905746,-9.315568001,101.4306702,1,1,1,1,0,1
result.463,3.873497871,0.945203972,3.888986495,-2.734734838,-27.63942475,92.13810829,1,1,1,1,1,1
result.464,4.86382888,0.907450717,2.818776235,0.819537865,5.40441912,101.9421532,1,1,1,1,1,1
result.465,4.566704352,0.885548606,3.162747519,-2.440199847,-25.57704241,105.1009979,1,1,1,0,0,1
result.466,3.686591381,0.841711014,3.018144971,-2.287527402,-24.15570188,109.4969072,1,1,1,0,0,1
result.467,4.689680682,0.894705709,3.558196575,-2.497804264,-24.6611185,92.63564426,1,1,1,0,0,1
result.468,3.461855876,0.959130654,3.311963019,-1.580660246,-13.27928359,101.6732727,1,0,1,1,1,1
result.469,6.480139951,0.869526035,2.161114915,-2.699613146,-26.70332417,104.4342663,1,1,1,0,0,1
result.470,4.988161909,0.941784617,3.450215466,-2.703211095,-26.6183253,107.6738944,1,1,1,1,1,1
result.471,4.716282727,0.893355062,3.337498495,-2.422597035,-25.29592755,98.32238324,1,1,1,0,0,1
result.472,4.474106697,0.945985896,3.034330299,-0.345619556,-0.969832503,103.0309228,1,1,1,1,1,1
result.473,5.479509568,0.887843121,3.522999616,-0.126977871,-6.530487835,97.79238069,1,1,1,1,1,1
result.474,3.692943129,0.897959201,3.824727264,-2.572484646,-25.67933313,104.3632972,1,1,1,0,0,1
result.475,5.676042699,0.908644995,3.654794316,-2.790852881,-29.17557177,105.4351158,1,1,1,1,1,1
result.476,5.24145694,0.879550768,3.033393886,-2.125663652,-24.12944277,103.4959887,1,1,1,0,0,1
result.477,3.809543265,0.918685407,4.235983782,-2.312643038,-22.32014406,92.04807801,1,1,1,0,1,1
result.478,5.311284068,0.894922766,2.764542583,-2.397317175,-24.81574384,109.983825,1,1,1,0,0,1
result.479,6.262371829,0.844593465,3.002320961,1.51418061,2.968071096,106.2222628,1,1,1,1,1,1
result.480,3.252747404,0.945312614,4.241177302,-2.907201505,-30.6390388,91.35285351,1,1,1,0,0,1
result.481,5.208609582,0.86028721,3.819722612,-2.55430749,-24.1872783,96.24939364,1,1,1,0,0,1
result.482,6.195531417,0.842573733,4.773849532,-3.151463445,-27.24189105,97.74841002,1,1,1,0,0,1
result.483,5.567288011,0.878925379,3.015676146,0.27710593,-2.440601775,94.59016761,1,1,1,1,1,1
result.484,5.158120818,0.938294641,3.435625317,-0.667695756,-7.216753249,92.55619545,1,1,1,1,1,1
result.485,5.430844816,0.945789172,2.524385898,-1.109196041,-7.947727505,90.85571284,1,1,1,1,1,1
result.486,5.413217143,0.867704021,3.729488445,-2.537529722,-25.62731879,108.9048146,1,1,1,0,0,1
result.487,5.090998971,0.928061106,2.737453172,-0.36469752,-2.801706277,96.26148817,1,1,1,1,1,1
result.488,4.802146275,0.950117701,3.013165416,-2.309687981,-25.1176103,91.63984171,1,0,1,1,1,1
result.489,4.291275212,0.868642409,2.354069468,-2.237030462,-23.40445142,109.9032664,1,1,1,0,0,1
result.490,5.311783573,0.890299077,2.773081346,0.10549087,-3.743455716,97.77036446,1,1,1,1,1,1
result.491,4.987083964,0.852528666,1.74967317,-2.36157593,-23.64292632,96.08750105,1,1,1,0,0,1
result.492,3.48496962,0.85350749,2.776755989,-1.98555495,-23.14463888,105.6941384,0,1,1,0,0,1
result.493,3.413891892,0.949569849,4.069227536,-0.152534275,-4.124677688,101.2543142,1,0,1,1,1,1
result.494,4.185385082,0.911081336,3.702919755,-2.808856065,-26.59639198,97.69854481,1,1,1,0,0,1
result.495,6.638222816,0.897493937,2.23746496,-0.264744362,-4.658964075,96.64000439,1,1,1,1,1,1
result.496,4.830892993,0.902889244,3.344465556,-1.726462868,-18.25012893,100.5526896,1,1,1,1,1,1
result.497,3.28804506,0.921144544,3.232934788,-2.061414991,-22.92064553,100.7423443,0,1,1,0,0,1
result.498,4.374841167,0.901996085,2.591206658,-1.900001664,-20.67673291,99.15260202,1,1,1,0,0,1
result.499,4.163452636,0.987609007,3.884561729,-1.493098726,-11.56571051,96.81782431,1,0,1,1,1,1
result.500,5.287499215,0.869649575,3.49686656,-2.670751377,-23.32460866,105.4218006,1,1,1,0,0,1
result.1,4.054300751,0.898569627,3.634622284,-2.430258359,-25.4168117,96.57378306,1,1,1,0,0,1
result.2,5.499215336,0.874994463,2.443401974,-2.502140248,-26.67210634,100.4319818,1,1,1,0,0,1
result.3,3.643475245,0.882075217,5.118867813,-3.12933019,-26.44285083,104.8818385,1,1,0,0,0,1
result.4,4.06089953,0.914044418,3.504102564,-2.404306239,-25.20855486,88.8382419,1,1,1,0,0,0
result.5,6.281996738,0.895063354,2.823972818,-2.77195819,-25.07782024,91.01729715,1,1,1,1,1,1
result.6,5.141493802,0.844806726,2.472016823,-2.454682206,-24.6846536,100.1553225,1,1,1,0,0,1
result.7,4.316841322,0.838877856,3.321760476,-2.263618769,-25.73397345,107.6092037,1,1,1,0,0,1
result.8,6.752615083,0.877883383,3.417987953,-0.396159291,-5.671029956,99.36756445,1,1,1,1,1,1
result.9,4.209562377,0.919193438,2.905191834,0.242363555,-2.510201985,94.45715042,1,1,1,1,1,1
result.10,5.710096192,0.872102268,2.744912344,1.651664689,7.594868448,88.87083001,1,1,1,1,1,0
result.11,4.479316525,0.947322661,3.143503787,-0.861194704,-8.085320807,95.61388748,1,1,1,1,1,1
result.12,4.339217309,0.879827769,4.824824281,-2.795129057,-25.20500707,109.33547,1,1,0,0,0,1
result.13,5.336659266,0.911934578,1.953365786,-2.193830386,-25.03376583,97.38093041,1,1,1,0,0,1
result.14,6.439792505,0.892355346,3.483195563,-0.214682997,-4.042273282,105.201497,1,1,1,1,1,1
result.15,4.618016721,0.949583697,3.536379253,-0.738909846,-8.642946932,95.45078558,1,1,1,1,1,1
result.16,5.849573499,0.900644693,3.990947117,-0.69581005,-10.52680946,89.11155365,1,1,1,1,1,0
result.17,5.355312204,0.90374064,1.784456054,-2.438815204,-26.40600811,101.4984321,1,1,1,0,0,1
result.18,4.243589644,0.905315999,2.323413323,-2.014764137,-21.62548689,103.9345609,1,1,1,0,0,1
result.19,4.002338921,0.884652657,2.861410368,-1.947454748,-20.16241088,100.2768127,1,1,1,0,0,1
result.20,4.156457171,0.934907652,3.930680213,-0.373863467,-8.952051925,100.691168,1,1,1,1,1,1
result.21,3.662113465,0.901493732,4.557694262,0.181967478,-7.605352204,102.7470843,1,1,0,1,0,1
result.22,6.151355325,0.827626647,2.535352327,-2.440334064,-24.03141087,101.5094869,1,1,1,0,0,1
result.23,5.531076686,0.90640567,3.214902448,-2.679991287,-27.25719797,101.2445946,1,1,1,1,1,1
result.24,4.53327125,0.861261334,2.97189794,-2.377114627,-25.21791832,111.7301541,1,1,1,0,0,0
result.25,4.919199452,0.931582687,1.740131697,0.562336021,13.2094478,93.59492143,1,1,1,1,1,1
result.26,5.793330971,0.833406514,2.789276839,-2.295435177,-23.85837773,104.4631974,1,1,1,0,0,1
result.27,2.864005621,0.940128917,3.139029736,-2.499443594,-26.99814611,100.0804147,1,1,1,0,0,1
result.28,6.023784864,0.844887708,3.853419673,-2.883888543,-26.44227577,102.5176955,1,1,1,0,0,1
result.29,4.314675328,0.954150619,2.771686078,-1.594298446,-11.98293143,96.27953886,1,0,1,1,1,1
result.30,5.1129073,0.891332944,2.481332481,-2.295896091,-26.47002994,98.87744722,1,1,1,0,0,1
result.31,4.29268854,0.94808555,3.605665145,-0.518623451,-4.93426099,98.20380628,1,1,1,1,1,1
result.32,5.642117489,0.845491531,3.971202452,0.031763706,-11.19417686,89.32083632,1,1,1,1,0,0
result.33,5.779856958,0.908669207,2.655638274,-2.542530016,-26.63048128,107.5267966,1,1,1,0,0,1
result.34,5.244106183,0.979585946,2.854526976,-1.310309132,-11.10398561,101.185404,1,0,1,1,1,1
result.35,4.989294887,0.874062798,3.482577792,-2.692201005,-25.51100206,97.79696887,1,1,1,0,0,1
result.36,5.213359734,0.905217205,3.904497255,-0.396558262,-6.820177361,93.10611692,1,1,1,1,1,1
result.37,4.678456819,0.919949324,2.560271912,-2.217651754,-26.00605044,99.36955346,1,1,1,0,0,1
result.38,5.466046818,0.818196171,2.898895035,-2.298636979,-23.01422241,98.03952098,1,1,1,0,0,1
result.39,6.430398935,0.888685894,2.389818392,-2.56476806,-29.50233815,98.02513298,1,1,1,0,0,1
result.40,5.760671885,0.876245282,3.019815891,-2.691607419,-27.63796692,103.545961,1,1,1,0,0,1
result.41,4.605567993,0.890936035,2.231735987,-2.223904384,-25.29600672,103.3990453,1,1,1,0,0,1
result.42,3.827228501,0.926876551,2.455354471,-2.228981822,-27.75497232,105.6620001,1,1,1,0,0,1
result.43,4.065080777,0.902770243,3.64211871,-2.163381846,-24.06686186,101.0387514,1,1,1,0,0,1
result.44,5.298639878,0.899425439,3.019184876,-0.0153584,-3.452451806,100.0342029,1,1,1,1,1,1
result.45,4.731862399,0.888158666,3.761254259,0.399106413,-2.667992018,101.1938162,1,1,1,1,1,1
result.46,4.119527144,0.890579697,3.41968812,-2.499874205,-26.90561832,108.6512914,1,1,1,0,0,1
result.47,5.672909257,0.893066282,2.890636396,-0.066756609,-6.163587341,95.47680194,1,1,1,1,1,1
result.48,5.550087279,0.892586452,2.535388506,0.538835158,3.496606641,101.000401,1,1,1,1,1,1
result.49,3.049447158,0.969936578,2.586713444,-2.202534188,-23.27627846,99.17748594,0,0,1,0,0,1
result.50,4.703738057,0.944229619,3.567200492,-0.812485337,-6.560817776,101.9561666,1,1,1,1,1,1
result.51,4.371218998,0.975706226,2.460591072,-2.235409317,-23.4657007,92.58086057,1,0,1,1,1,1
result.52,5.103090405,0.905763457,3.60144624,0.028000059,-2.91273101,112.7663132,1,1,1,1,1,0
result.53,4.772179235,0.926567189,3.500808477,-0.11502367,0.214349885,104.6816576,1,1,1,1,1,1
result.54,4.616466714,0.917089732,2.630689661,-2.424532143,-26.24027649,104.8621196,1,1,1,0,0,1
result.55,4.793746201,0.800482061,2.137839842,-2.192880895,-24.53395148,99.07331208,1,1,1,0,0,1
result.56,4.308032231,0.885025543,2.74730939,-2.171800104,-22.85316823,96.88089935,1,1,1,0,0,1
result.57,4.345441345,0.955922441,2.812109045,-2.369317026,-24.50333637,102.6406018,1,0,1,1,1,1
result.58,6.395653493,0.878891231,1.979418669,-2.563467555,-25.69599365,94.56986251,1,1,1,0,0,1
result.59,5.205131388,0.893974956,3.108063844,-2.583137784,-27.5882745,102.8707013,1,1,1,0,0,1
result.60,5.154744849,0.860452894,3.677555488,0.577348525,-5.622798387,107.3681601,1,1,1,1,1,1
result.61,6.03582542,0.888953601,3.818140565,-0.31049854,-8.441713742,109.5361747,1,1,1,1,1,1
result.62,5.111126155,0.950542388,2.607771301,-2.717379258,-30.95657114,99.21693978,1,0,1,1,1,1
result.63,5.777671683,0.896845571,4.397973951,-0.547792855,-9.313273283,98.58948056,1,1,1,1,1,1
result.64,4.007914014,0.907895984,2.010340905,-2.288456425,-27.02846689,95.80575681,1,1,1,0,0,1
result.65,5.605486813,0.833876111,3.176504629,-2.499838085,-26.95269064,100.9993708,1,1,1,0,0,1
result.66,5.035703941,0.873936587,3.672940123,-2.566044889,-23.45437614,109.6526747,1,1,1,0,0,1
result.67,5.177586138,0.891031531,2.606650804,-2.615574704,-27.83192238,95.69095049,1,1,1,0,0,1
result.68,5.017753151,0.917386863,3.621604937,-0.18898533,-4.604925871,105.7690425,1,1,1,1,1,1
result.69,5.403143538,0.902745386,2.988734686,0.058877482,-2.385956057,95.52621255,1,1,1,1,1,1
result.70,4.981366301,0.896654746,3.307621308,-2.485919972,-24.95727619,97.302258,1,1,1,0,0,1
result.71,4.381564883,0.90369785,3.880360784,0.082421479,-4.534507974,94.82191371,1,1,1,1,1,1
result.72,6.213726601,0.891220957,3.194374673,-2.910707335,-29.06515259,103.7865639,1,1,1,0,0,1
result.73,6.293872126,0.945046415,2.396086809,-1.039866518,-7.167018567,97.7724002,1,1,1,1,1,1
result.74,5.50873129,0.884127816,3.485216635,-2.730929222,-27.35848786,100.8874699,1,1,1,0,0,1
result.75,4.451319678,0.93335302,3.271620435,-0.496753145,-2.55456919,103.4976883,1,1,1,1,1,1
result.76,5.85798811,0.861945273,3.491043346,0.103686563,-5.87548613,99.14356898,1,1,1,1,0,1
result.77,5.444742121,0.864692791,1.56500898,-2.620440151,-26.75451759,106.9008734,1,1,1,0,0,1
result.78,5.376301629,0.952767164,2.074951315,-2.971527259,-35.02226299,104.8702662,1,0,1,1,1,1
result.79,4.773805951,0.934744401,3.843620635,-0.520181874,-7.768221285,96.79730472,1,1,1,1,1,1
result.80,4.639028333,0.968469061,3.533292902,-2.089593686,-14.65819851,87.63145609,1,0,1,1,1,0
result.81,6.683331019,0.816635391,2.465320584,-2.298722167,-24.2560268,98.20231712,1,1,1,0,0,1
result.82,3.514672793,0.88423266,2.307168354,-2.363347239,-24.79102519,101.9680251,1,1,1,0,0,1
result.83,4.8639793,0.952951918,2.542070953,-1.688923564,-14.86743454,97.6438112,1,0,1,1,1,1
result.84,6.361467162,0.798825652,2.469530779,-2.516785035,-25.40444255,98.2469186,1,1,1,0,0,1
result.85,4.348124406,0.936852887,3.928169735,-2.657386883,-28.05995706,98.6661344,1,1,1,1,1,1
result.86,3.668573553,0.937764059,2.925183767,-2.521452087,-27.77378353,90.01404576,1,1,1,0,0,0
result.87,5.087332919,0.908144297,2.792507765,-2.643103414,-26.60216479,103.9675889,1,1,1,0,0,1
result.88,5.969787633,0.881492502,2.628102258,0.099906859,-1.746006592,97.3034671,1,1,1,1,1,1
result.89,6.108267396,0.80499817,2.758304008,-2.368906854,-24.33465034,108.1554044,1,1,1,0,0,1
result.90,4.647455758,0.900073385,2.868880718,-2.399476369,-25.70201836,94.50499605,1,1,1,0,0,1
result.91,2.703942688,0.871564957,4.528708003,-2.423989147,-22.7389401,99.89813425,0,1,0,0,0,1
result.92,4.236206804,0.903475361,1.356574514,-2.319458993,-24.52621973,101.8423144,1,1,1,0,0,1
result.93,5.988364944,0.842007068,2.486745362,-2.377889143,-25.19965069,107.765097,1,1,1,0,0,1
result.94,5.516777761,0.93049698,2.35128372,-2.671678294,-28.49735604,96.98754358,1,1,1,1,1,1
result.95,4.376795224,0.966727789,2.995192059,-1.217051011,-11.25989289,88.75986776,1,0,1,1,1,0
result.96,5.028066348,0.975520073,3.836598197,-1.893054026,-16.2790805,94.32616435,1,0,1,1,1,1
result.97,6.101468335,0.904714532,2.222768032,-2.525441901,-29.36709796,111.9866911,1,1,1,0,0,0
result.98,5.614145145,0.937646832,2.102181155,-0.823536044,-6.692251345,88.47688916,1,1,1,1,1,1
result.99,4.290991554,0.974858599,4.076715546,-1.1762926,-6.803114135,95.90328188,1,0,1,1,1,1
result.100,6.433322181,0.757554645,3.188391805,-2.631628819,-25.33820529,109.0187623,1,0,1,0,0,1
result.101,6.77658508,0.83816473,3.300028635,-0.016749997,-8.915559678,101.2189474,0,0,1,1,0,1
result.102,6.924160818,0.853881009,1.653419554,-2.647120645,-24.57966891,94.70215335,1,1,1,0,0,1
result.103,4.639023473,0.845445445,3.560972271,-2.619252591,-25.55076888,106.5295865,1,1,1,0,0,1
result.104,3.918100588,0.955859122,2.147722772,-2.312389824,-28.18234319,96.81724796,1,0,1,0,0,1
result.105,6.223185688,0.918986182,1.815122968,-0.259406872,0.431632151,99.42117074,1,1,1,1,1,1
result.106,4.541853487,0.901255574,2.952494669,-2.419575672,-24.42208472,109.180812,1,1,1,0,0,1
result.107,4.377909684,0.96213544,3.737248136,-2.027466027,-20.92382148,87.42462645,1,0,1,1,1,0
result.108,5.598477573,0.820992442,4.439836334,-2.919223064,-27.12190332,97.16566555,1,1,1,0,0,1
result.109,2.838621659,0.968560676,1.001809202,-1.838762675,-19.83260979,100.4923147,0,0,0,0,0,1
result.110,5.541303928,0.868112714,2.633754699,-2.578938437,-26.43127966,111.0096419,1,1,1,0,0,1
result.111,3.750709747,0.970533926,2.896502917,-1.828033441,-15.31174792,91.17764028,1,0,1,1,1,1
result.112,4.538357604,0.847685816,1.221142535,-2.064899949,-23.67005016,93.41621644,1,1,0,0,0,1
result.113,4.374203178,0.902939419,4.222629044,0.127906171,-6.027412106,102.875848,1,1,1,1,1,1
result.114,6.284312951,0.783998592,2.763541048,-2.490417271,-24.16304298,110.3753148,1,1,1,0,0,1
result.115,4.758362892,0.84236647,2.652564474,-2.390553877,-23.66052215,104.964145,1,1,1,0,0,1
result.116,5.357362467,0.89919053,2.90766566,-2.526577792,-28.57937065,101.0049955,1,1,1,0,0,1
result.117,5.608164245,0.860537081,3.186462073,-2.478859679,-25.47638815,110.1601193,1,1,1,0,0,1
result.118,5.405118953,0.918838063,2.252913253,-2.717175063,-30.18844832,102.829392,1,1,1,0,0,1
result.119,5.973372295,0.926820144,2.572815314,-0.527375038,-5.987101634,103.1305202,1,1,1,1,1,1
result.120,4.696440034,0.865734208,1.186542839,-1.987441747,-24.06011691,97.46820346,1,1,0,0,0,1
result.121,5.991196075,0.822631413,2.644346948,-2.124765827,-23.26459185,109.7868306,1,1,1,0,0,1
result.122,5.217920556,0.938271933,4.110814724,-3.141176214,-30.86921227,86.66346932,1,1,1,1,1,0
result.123,5.021343333,0.907935337,3.304836366,-0.046812656,-4.48755495,101.708828,1,1,1,1,1,1
result.124,3.12528845,0.888514352,3.997865075,-2.372494374,-23.97773646,102.8794798,0,1,1,0,0,1
result.125,6.755097663,0.885722234,2.75708053,-2.787180008,-28.77773431,103.0059504,1,1,1,0,1,1
result.126,4.467814265,0.906168346,3.158061926,-2.631856772,-25.18874051,98.36780031,1,1,1,0,0,1
result.127,4.393559497,0.96773041,2.896708283,-1.132602313,-3.89677166,103.7220827,1,0,1,1,1,1
result.128,4.985709786,0.910114505,3.281531344,-0.320216847,-6.857701263,104.4285711,1,1,1,1,1,1
result.129,4.525355767,0.88422329,3.407185068,-2.088788387,-22.82271149,96.78862263,1,1,1,0,0,1
result.130,5.480755965,0.93621123,1.820820768,-2.583657022,-29.24097904,99.18482223,1,1,1,1,1,1
result.131,5.535563065,0.939559485,3.060163257,-0.930997554,-8.627668746,85.58844276,1,1,1,1,1,0
result.132,3.620809467,0.882317626,3.908913088,-2.350522251,-24.15660665,99.94678194,1,1,1,0,0,1
result.133,4.693446246,0.840622417,2.126431585,-2.436291596,-24.33016952,96.18229115,1,1,1,0,0,1
result.134,4.430879094,0.894062494,3.542733006,-2.759363401,-27.34232628,104.4928462,1,1,1,0,0,1
result.135,3.342930087,0.965629848,3.638326634,-0.495656296,-5.065100903,96.23497633,1,0,1,1,1,1
result.136,4.569049608,0.942120156,3.477589137,-1.167591133,-10.67146477,96.93291285,1,1,1,1,1,1
result.137,6.487142967,0.923796307,2.658211721,-0.557881408,-4.862063212,104.6595958,1,1,1,1,1,1
result.138,3.350251359,0.9814487,3.169562196,-1.581078754,-10.49086051,95.49625025,1,0,1,1,1,1
result.139,5.708576969,0.829229347,3.380707438,-2.623890851,-26.97383676,97.48068233,1,1,1,0,0,1
result.140,4.350516294,0.850722932,3.406758201,-2.223275618,-22.80007355,94.72205927,1,1,1,0,0,1
result.141,4.446239425,0.913441584,2.725726783,-2.342228706,-26.94671437,93.62848954,1,1,1,0,0,1
result.142,4.398644014,0.901809296,3.26347946,-2.454073189,-25.24698773,99.03748955,1,1,1,0,0,1
result.143,6.204020503,0.901510524,3.14400474,-0.363732545,-5.475793879,102.1339632,1,1,1,1,1,1
result.144,5.235281067,0.880476934,1.780688054,-2.003824974,-21.66505729,102.8524051,1,1,1,0,0,1
result.145,6.652278615,0.870233648,3.470699758,-2.851966032,-22.48630752,100.0452279,1,1,1,1,1,1
result.146,6.126885713,0.888591156,1.7841132,-2.341222159,-24.69197612,93.0082449,1,1,1,0,0,1
result.147,5.36579629,0.849111556,2.462867374,-2.586525671,-26.43738566,95.72740842,1,1,1,0,0,1
result.148,6.508080539,0.879658605,3.147793877,-0.167050065,-6.617766547,102.8483496,1,1,1,1,1,1
result.149,3.361007925,0.868790641,2.724433942,-2.25915555,-26.55056322,109.5325906,1,1,1,0,0,1
result.150,5.095646415,0.812144439,3.986904334,-2.429953106,-24.40791182,105.4731453,1,1,1,0,0,1
result.151,3.201422936,0.934698983,3.828903028,0.459350728,-2.269226849,93.03157644,0,1,1,1,1,1
result.152,4.638746765,0.876447161,2.284752192,-2.031423407,-25.70213166,111.3192151,1,1,1,0,0,0
result.153,4.845054772,0.834717939,2.973874312,-2.329296135,-24.76723846,101.0869622,1,1,1,0,0,1
result.154,5.111242944,0.855749089,2.583612191,-2.420251489,-25.65478397,104.5579016,1,1,1,0,0,1
result.155,4.046248144,0.951764557,2.920317269,-0.636543952,-2.185610442,95.06198583,1,0,1,1,1,1
result.156,5.711831488,0.930564456,2.563703641,-0.846915515,-9.853285807,93.9312469,1,1,1,1,1,1
result.157,5.337185553,0.897869693,2.674133771,-2.398456017,-27.95924885,98.51058285,1,1,1,0,0,1
result.158,5.186965614,0.933009709,3.460658691,-2.8620126,-29.87680889,99.96279278,1,1,1,1,1,1
result.159,5.307749498,0.903844342,3.421559414,-2.560192985,-26.48869997,100.3543041,1,1,1,0,0,1
result.160,6.122094031,0.771870592,3.33256197,-2.617750279,-25.77567495,101.3986989,1,0,1,0,0,1
result.161,6.390386922,0.91812302,3.622536552,-0.788720911,-10.44998608,99.80829518,1,1,1,1,1,1
result.162,4.751479808,0.941039048,3.522411118,-0.649431158,-6.247804123,97.8861422,1,1,1,1,1,1
result.163,5.887679235,0.927054474,2.146561903,-0.569204449,-7.770827066,99.90217916,1,1,1,1,1,1
result.164,4.713006088,0.91930663,3.609121994,-0.168983337,-5.048899388,106.6101111,1,1,1,1,1,1
result.165,5.293334225,0.854898278,3.191225437,-2.292322901,-21.67592581,101.9031938,1,1,1,0,0,1
result.166,4.575372247,0.905070406,4.171526363,-0.467671169,-11.45190652,96.08380562,1,1,1,1,1,1
result.167,4.202984992,0.945771886,3.504543556,-0.511758205,-5.824702429,96.10140124,1,1,1,1,1,1
result.168,7.129496138,0.832069162,2.732738832,-2.597710314,-26.10288692,99.24487121,0,1,1,0,0,1
result.169,4.358405792,0.901894058,3.914672659,-2.555614105,-26.6384479,104.4189596,1,1,1,0,0,1
result.170,4.753378609,0.959536509,2.968152246,-1.894484139,-17.36733727,94.2015761,1,0,1,1,1,1
result.171,4.460130245,0.820816561,3.629114092,-2.551508131,-25.05010396,107.4201502,1,1,1,0,0,1
result.172,4.826888825,0.864817726,2.555647214,-2.309509186,-24.80178921,99.90142163,1,1,1,0,0,1
result.173,5.923684438,0.909172409,2.491993133,-0.525685474,-8.170959342,96.06780596,1,1,1,1,1,1
result.174,5.546127415,0.89576014,1.320169909,-2.290297046,-25.7457437,96.82789347,1,1,0,0,0,1
result.175,4.791225403,0.885226125,2.690519563,-2.141397056,-23.91938123,103.6502838,1,1,1,0,0,1
result.176,5.824636318,0.861410733,2.509105551,-2.20520902,-23.01051763,99.24559666,1,1,1,0,0,1
result.177,5.176635731,0.846108029,2.779900429,-2.25269789,-23.91657206,100.1897077,1,1,1,0,0,1
result.178,5.696715756,0.910083085,2.718498058,-0.346891071,-5.579558204,93.17163881,1,1,1,1,1,1
result.179,6.649308291,0.927655629,2.023022325,-0.690744034,-0.446076709,93.28007682,1,1,1,1,1,1
result.180,3.443434102,0.919535135,4.507506966,-2.620085428,-23.81287024,94.56837287,0,1,0,0,0,1
result.181,3.847574456,0.89756349,3.344971884,-2.057830259,-21.86772956,95.24131402,1,1,1,0,0,1
result.182,5.09652998,0.92444434,3.015775034,-0.310595577,-3.30988426,100.1200206,1,1,1,1,1,1
result.183,5.426368107,0.914945247,2.141493561,-0.064171894,-0.764481864,98.90875059,1,1,1,1,1,1
result.184,4.87846556,0.86944939,3.898143486,0.254334814,-7.368386827,95.48020229,1,1,1,1,0,1
result.185,5.740330656,0.893605307,2.815618218,0.030610009,-5.401220534,99.47177828,1,1,1,1,1,1
result.186,5.77992184,0.905372199,2.696099409,-2.642304403,-27.19532711,103.6578409,1,1,1,0,0,1
result.187,6.493785174,0.911597508,3.099637045,-0.692834698,-8.743128302,96.27123984,1,1,1,1,1,1
result.188,3.920761586,0.917072889,2.075943022,-1.854961027,-20.92650075,106.1817004,1,1,1,0,0,1
result.189,4.6353134,0.864063091,3.241872797,-2.46363398,-24.42224472,94.43509607,1,1,1,0,0,1
result.190,4.781904858,0.929563225,2.460135735,-2.301465298,-24.54386241,94.85511908,1,1,1,0,1,1
result.191,5.49805689,0.896299923,3.595681776,-2.772651049,-27.60512976,97.4887545,1,1,1,1,1,1
result.192,5.170476971,0.948474119,4.797054827,-1.050180051,-10.21323235,101.8826791,1,1,1,1,1,1
result.193,3.838349834,0.933374061,3.938764482,-2.500835199,-25.95198695,90.62699632,1,1,1,1,1,1
result.194,6.262300162,0.879230928,2.236568202,0.518633962,1.631283608,96.97963651,1,1,1,1,1,1
result.195,5.456931671,0.935772789,3.359159932,-0.709205232,-6.08058679,99.42666652,1,1,1,1,1,1
result.196,4.909364074,0.893915879,2.748220768,-2.3483038,-24.48749879,103.3164784,1,1,1,0,0,1
result.197,5.971101896,0.890477508,3.390038054,-0.116038552,-6.0349851,101.7150325,1,1,1,1,1,1
result.198,5.968841652,0.891693417,3.830252379,-3.039857581,-29.35295961,96.99168852,1,1,1,1,1,1
result.199,5.042453979,0.932013729,2.884162039,-2.478597229,-26.01635188,103.6856992,1,1,1,1,1,1
result.200,5.139336247,0.855740405,3.873644373,-2.587578817,-24.97345008,102.6678542,1,1,1,0,0,1
result.201,4.083137477,0.898781463,3.665325147,-2.609558705,-27.19432949,109.3029012,1,1,1,0,0,1
result.202,5.329767516,0.907232003,2.847772654,-0.012203441,-2.466598101,104.6945792,1,1,1,1,1,1
result.203,4.820666624,0.892327389,3.408018633,-0.088853712,-7.248216695,105.5995486,1,1,1,1,1,1
result.204,4.047707165,0.893086761,2.472976278,-2.147221862,-22.6216417,94.63137483,1,1,1,0,0,1
result.205,5.310140544,0.84616592,3.003665345,-2.129223413,-18.78539793,101.4792579,1,1,1,0,0,1
result.206,5.631830852,0.964833029,1.409058806,-3.253922644,-40.67934179,99.86528424,1,0,1,1,1,1
result.207,5.40216534,0.95257898,3.607905279,-1.01147795,-11.15576709,92.56281187,1,0,1,1,1,1
result.208,4.66940922,0.962482211,2.011077282,-0.790762316,-5.282935238,104.2555708,1,0,1,1,1,1
result.209,6.604171807,0.864222142,3.461257729,-3.035716564,-28.53815061,92.97519722,1,1,1,0,1,1
result.210,5.918777423,0.98658643,3.784189143,-2.483274813,-19.99758754,94.0506822,1,0,1,1,1,1
result.211,5.633750812,0.875562626,3.278729538,-2.574196101,-28.19514466,108.2505447,1,1,1,0,0,1
result.212,5.324355587,0.934477718,3.996722447,-0.769526957,-3.755200516,99.50705977,1,1,1,1,1,1
result.213,4.868122801,0.832190809,3.430162574,-2.355084301,-21.93342629,105.4443772,1,1,1,0,0,1
result.214,3.783768893,0.911795055,3.891054671,1.655101241,7.816483843,101.3402599,1,1,1,1,1,1
result.215,4.95266557,0.941640801,2.300701603,-0.473072061,-4.814385222,92.56657984,1,1,1,1,1,1
result.216,4.27172357,0.949778254,2.796963414,-1.038423146,-8.209586832,93.12729131,1,0,1,1,1,1
result.217,6.33905848,0.828971555,2.591391426,-2.388370113,-25.15900889,103.2292392,1,1,1,0,0,1
result.218,3.785211646,0.89348157,3.621630401,-2.483133299,-23.83968113,98.60524579,1,1,1,0,0,1
result.219,3.385107491,0.92312785,3.573237379,-2.308200378,-22.863995,93.68358236,0,1,1,0,0,1
result.220,5.048324519,0.820924358,3.553954043,-2.45434885,-25.27329608,101.8017387,1,1,1,0,0,1
result.221,4.303310007,0.903608656,3.388240562,1.16329353,2.442599369,103.8406837,1,1,1,1,1,1
result.222,4.781378237,0.902841462,3.480638324,-0.11492942,-5.717613336,93.31621511,1,1,1,1,1,1
result.223,4.5564915,0.905845371,3.518898136,-2.720302938,-26.38567911,103.1462181,1,1,1,0,0,1
result.224,4.26138239,0.82710929,3.482873615,-2.374203833,-25.19313184,104.7892615,1,1,1,0,0,1
result.225,4.779934999,0.97862067,2.294486441,-2.489306702,-24.25688604,96.81769412,1,0,1,1,1,1
result.226,5.521019543,0.807156419,3.285869892,-2.446676057,-25.85862084,99.38778073,1,1,1,0,0,1
result.227,4.288583477,0.92139679,3.407187813,-2.653840855,-27.76352773,103.5633764,1,1,1,0,0,1
result.228,4.608261358,0.851393415,2.975854512,-2.46675715,-23.15965246,108.4910787,1,1,1,0,0,1
result.229,6.287678266,0.922179431,3.394172645,-0.878998851,-10.44003082,98.23774739,1,1,1,1,1,1
result.230,6.015554517,0.931208755,2.586698158,-2.692079926,-31.96722855,106.6987764,1,1,1,1,1,1
result.231,4.130333007,0.926396372,2.192580922,-2.677270129,-26.92474872,94.19060681,1,1,1,0,0,1
result.232,4.549397244,0.967483726,3.319652767,-1.244246706,-10.77598577,96.10254861,1,0,1,1,1,1
result.233,5.049913952,0.863132036,3.834605763,-2.612086871,-25.19264768,107.467135,1,1,1,0,0,1
result.234,5.528243299,0.893179651,1.674443179,-2.555234914,-26.42309279,89.41329947,1,1,1,0,0,0
result.235,4.30479003,0.958055751,3.181472984,-1.136521931,-10.59858386,96.07805317,1,0,1,1,1,1
result.236,5.388285615,0.904535741,3.153853242,-2.555439385,-24.50161891,98.67064408,1,1,1,0,1,1
result.237,4.553538639,0.885733228,3.413740892,-2.273879947,-23.20709449,104.1413948,1,1,1,0,0,1
result.238,5.699584258,0.854913591,0.81353346,-2.414495445,-25.48686734,102.8982476,1,1,1,0,0,1
result.239,5.393354402,0.931384217,3.413028269,-2.892845923,-26.03902543,100.554104,1,1,1,1,1,1
result.240,5.862505529,0.855053354,2.643308275,-2.523302687,-24.77873479,110.3600435,1,1,1,0,0,1
result.241,5.845336401,0.876608537,2.759587028,-2.661620012,-26.59030138,91.5298257,1,1,1,0,0,0
result.242,4.167219039,0.96208515,1.842434682,-1.048352245,-4.303467385,92.79986512,1,0,1,1,1,1
result.243,7.022955345,0.850026361,3.542333467,-3.015457386,-27.89929919,112.4503943,1,1,1,0,0,0
result.244,5.22474713,0.905320507,3.049166305,-2.607346435,-26.9294743,92.35835419,1,1,1,0,0,1
result.245,5.876680929,0.817660822,3.769735316,-3.025491885,-25.73290669,105.2168099,1,1,1,0,0,1
result.246,4.374240164,0.882626203,2.710871966,-2.171315883,-24.31678123,101.6990277,1,1,1,0,0,1
result.247,5.544954221,0.913693319,3.138678845,-2.71794136,-27.40060752,99.0817755,1,1,1,1,1,1
result.248,5.227662086,0.924691617,3.568255034,-0.441715122,-4.192018677,98.73523831,1,1,1,1,1,1
result.249,4.06912443,0.907837263,3.784732876,0.156061156,-6.894406556,90.03265464,1,1,1,1,0,1
result.250,4.608776414,0.949539543,3.004020758,-0.921878289,-7.624453633,102.2978597,1,1,1,1,1,1
result.1,5.896496834,0.907960946,2.749379862,-2.57322629,-23.15036397,103.8738278,1,1,1,0,1,1
result.2,4.699368397,0.908114665,3.227823066,0.07134586,-1.924929423,103.0049637,1,1,1,1,1,1
result.3,4.906070999,0.978571489,3.219663845,-1.422007863,-10.19692506,92.52682465,1,0,1,1,1,1
result.4,5.623942253,0.874447066,2.375015308,-2.567268639,-26.24616274,92.9535674,1,1,1,0,0,1
result.5,5.268375978,0.899880832,1.863817672,-2.247226039,-24.32782126,98.43110987,1,1,1,0,0,1
result.6,5.031432094,0.874077394,3.297941786,-2.483376603,-28.08922517,101.9781186,1,1,1,0,0,1
result.7,2.669307524,0.981460844,3.11537238,-1.699027704,-14.6679303,96.20306856,1,0,1,1,1,1
result.8,5.211604913,0.961235184,2.619584643,-1.88014984,-18.09950851,96.04987263,1,0,1,1,1,1
result.9,4.464964149,0.837378033,3.274821184,-2.28079058,-20.52947444,99.97233108,1,1,1,0,0,1
result.10,5.194967341,0.88160266,2.645405002,-2.12644336,-23.62305304,100.5269898,1,1,1,0,0,1
result.11,5.139807602,0.856530038,3.294410426,-2.654991956,-26.34901306,101.1825728,1,1,1,0,0,1
result.12,6.260120954,0.832187374,4.383421851,-3.065598598,-26.96015723,104.9342043,1,1,0,0,0,1
result.13,5.897872695,0.905408522,3.0443608,-0.283054943,-6.185832949,102.6963739,1,1,1,1,1,1
result.14,6.890609002,0.894625037,3.673211686,-0.655643429,-11.66782262,106.2753572,1,1,1,1,1,1
result.15,4.740591918,0.914756881,2.901142628,-2.561203783,-25.63736245,102.6031298,1,1,1,0,0,1
result.16,6.570993933,0.906923549,3.625248421,-0.553486136,-7.531315494,104.8279304,1,1,1,1,1,1
result.17,6.67443285,0.809477742,3.558415856,-2.751145356,-26.03655284,106.4985759,1,1,1,0,0,1
result.18,5.229292411,0.926460917,3.253947772,-0.845971285,-7.463161844,108.0419298,1,1,1,1,1,1
result.19,4.82412781,0.912022654,2.996900709,-2.446956059,-27.65358081,101.9125376,1,1,1,0,0,1
result.20,3.354242703,0.859530166,3.27456646,-2.443535066,-24.74609093,105.5028576,1,1,1,0,0,1
result.21,6.127809818,0.852610325,3.671682565,0.118980994,-7.850301955,106.6193684,1,1,1,1,0,1
result.22,6.889843404,0.907775035,2.785574942,-3.186494619,-32.71911061,101.3829284,1,1,1,1,1,1
result.23,3.557180787,0.933404248,3.325820313,-2.441580831,-28.74449723,105.1006527,1,1,1,0,0,1
result.24,5.685595928,0.866294853,3.603923293,-2.686122135,-27.71420347,101.460672,1,1,1,0,0,1
result.25,5.796388074,0.873357674,2.803747101,1.764321675,8.322394799,97.77460716,1,1,1,1,1,1
result.26,5.715616474,0.851860457,4.279974113,-0.018960254,-8.378646262,102.510668,1,1,1,1,0,1
result.27,5.059222103,0.950634714,3.419736984,-1.078504441,-9.302801794,99.90830164,1,0,1,1,1,1
result.28,5.322580409,0.939663377,3.092743705,-1.067487205,-9.396680229,96.17664843,1,1,1,1,1,1
result.29,2.819980893,0.983636973,2.908723726,-1.616600875,-5.692162795,100.1010891,1,0,1,1,1,1
result.30,5.785039342,0.858575061,3.632096612,-2.729270971,-25.04372021,98.83046888,1,1,1,0,0,1
result.31,6.550946971,0.92725491,2.419341591,-0.953333114,-9.479024166,89.79808632,1,1,1,1,1,0
result.32,5.161374562,0.968283844,3.282199445,-1.888086798,-14.2366861,101.8223008,1,0,1,1,1,1
result.33,4.874480098,0.924203806,2.631388649,-2.197659828,-23.675258,109.1854006,1,1,1,0,0,1
result.34,5.287770254,0.905429362,3.563596088,-2.735751734,-29.41226577,101.2842353,1,1,1,1,1,1
result.35,6.439676818,0.952640872,2.161644442,-1.301328178,-9.466375336,103.5321404,1,1,1,1,1,1
result.36,4.90837282,0.769285644,2.483090283,-2.187975883,-24.28418208,109.9322239,1,1,1,0,0,1
result.37,5.917951646,0.917919708,2.664147223,-0.332455216,-2.222743763,100.4601197,1,1,1,1,1,1
result.38,3.996228682,0.913344783,3.216632825,-1.787216033,-16.41487812,105.7902994,1,1,1,0,0,1
result.39,5.678527239,0.858299278,1.731470045,-2.275433878,-23.99092974,102.6906205,1,1,1,0,0,1
result.40,5.015051589,0.879972196,2.533175101,-2.379626901,-24.76587816,98.24950518,1,1,1,0,0,1
result.41,5.038973533,0.840700784,3.707339123,-2.427819981,-23.88321241,106.7321981,1,1,1,0,0,1
result.42,5.491397906,0.892678863,2.28092662,-2.525058878,-25.30257631,97.77750482,1,1,1,0,0,1
result.43,5.162622084,0.899808262,2.591457912,-2.332808094,-25.28504049,103.3428169,1,1,1,0,0,1
result.44,4.046099026,0.911768902,3.450319737,0.419357165,-0.830917676,103.5078631,1,1,1,1,1,1
result.45,3.589963753,0.928006248,3.759513791,0.43110014,-0.024263086,96.32563869,1,1,1,1,1,1
result.46,5.192017124,0.889080324,3.24926089,0.45635408,0.161561588,100.1228834,1,1,1,1,1,1
result.47,6.559885085,0.902438338,2.564094773,-0.408685125,-6.490167611,95.8407106,1,1,1,1,1,1
result.48,4.321258047,0.910430759,3.895486314,-2.415783596,-25.92096391,105.7005943,1,1,1,0,1,1
result.49,6.585186903,0.953961754,3.412191395,-3.8824667,-41.34906805,108.292564,1,0,1,1,1,1
result.50,4.772874003,0.886145228,2.639681251,-2.338523547,-27.14510095,105.7889619,1,1,1,0,0,1
result.51,6.184522488,0.939790874,3.707293404,-1.097148964,-10.71589146,101.3551697,1,1,1,1,1,1
result.52,5.136975344,0.891882947,2.895443435,0.313626668,-0.850634508,101.449209,1,1,1,1,1,1
result.53,4.402231614,0.904770439,2.429793966,-2.589695363,-27.6589152,100.3130183,1,1,1,0,0,1
result.54,4.41075788,0.937425378,3.162441946,-2.466244099,-28.22976141,101.8695318,1,1,1,0,1,1
result.55,4.49817684,0.915377369,2.791322538,-2.263023906,-25.76838409,99.66685391,1,1,1,0,0,1
result.56,5.113786405,0.928294354,2.847547876,-0.260151357,-2.326571876,111.8520657,1,1,1,1,1,0
result.57,5.676506307,0.872357792,3.26591087,-2.411962988,-22.07480921,104.0920106,1,1,1,0,0,1
result.58,5.673488937,0.805137928,2.876028422,-2.675377134,-25.88752162,100.3865915,1,1,1,0,0,1
result.59,4.613626583,0.943758221,3.736826007,-0.780003346,-6.165706819,101.5856599,1,1,1,1,1,1
result.60,4.07202184,0.890539417,3.042973902,-2.249418667,-25.40603763,106.4802032,1,1,1,0,0,1
result.61,4.83783174,0.946385852,3.343381837,-2.667675894,-26.12655707,99.16186778,1,1,1,1,1,1
result.62,4.218305849,0.911081601,3.124904676,-2.423545228,-25.05212941,106.9093587,1,1,1,0,0,1
result.63,5.351901649,0.855918165,3.351631442,-2.655043784,-26.50485449,107.585593,1,1,1,0,0,1
result.64,5.269808621,0.846661594,2.911193191,-2.534513694,-26.3349468,101.1369234,1,1,1,0,0,1
result.65,4.947099703,0.900764793,3.464599271,-2.672496693,-27.3297725,101.2201162,1,1,1,0,0,1
result.66,4.799367769,0.831868801,2.620373544,-2.462077236,-26.2640065,99.35936785,1,1,1,0,0,1
result.67,5.475683244,0.782455392,2.788977741,-1.965030698,-22.34671199,96.69581197,1,0,1,0,0,1
result.68,4.334780174,0.909814173,3.281899168,-2.514815904,-25.28187053,102.080441,1,1,1,0,0,1
result.69,5.477109812,0.905718661,3.751631777,-0.333680302,-6.374033859,93.51997345,1,1,1,1,1,1
result.70,6.211526675,0.857235194,3.109863347,-2.792912071,-27.90267283,100.6356203,1,1,1,0,0,1
result.71,5.184003188,0.913185338,3.202844615,-2.73011031,-28.31009879,94.50039737,1,1,1,0,1,1
result.72,6.499127029,0.897435112,2.452663553,-2.82285158,-29.90756234,99.85296859,1,1,1,0,1,1
result.73,4.679778906,0.913415437,2.184450172,-2.325670236,-25.40375304,96.4527424,1,1,1,0,0,1
result.74,4.276631696,0.89064304,3.10444409,-2.294003268,-24.05675428,101.0382312,1,1,1,0,0,1
result.75,5.398685473,0.889729777,3.674375056,-0.155148385,-7.291840253,95.89146051,1,1,1,1,1,1
result.76,4.926130694,0.810936123,2.867537445,-2.352149696,-25.91887247,111.5981022,1,1,1,0,0,0
result.77,4.24548525,0.949398372,2.424643018,-2.296053398,-22.93052996,85.56448161,1,0,1,1,1,0
result.78,4.04053043,0.951885248,2.824546361,-0.201086002,1.276011194,94.81439677,1,0,1,1,1,1
result.79,4.680333227,0.888290399,3.519664005,-2.573817254,-28.12886924,105.1139169,1,1,1,0,0,1
result.80,4.464647108,0.948215919,3.096210994,-0.859857151,-9.43893551,92.54679085,1,1,1,1,1,1
result.81,6.892048194,0.794421779,3.338747446,-2.958628044,-27.65093121,107.9498523,1,1,1,0,0,1
result.82,5.937871648,0.898915424,2.326845844,0.291265135,-1.115977839,93.6324735,1,1,1,1,1,1
result.83,5.090450296,0.912635413,3.819924276,-2.579281422,-22.87757993,96.4565947,1,1,1,1,1,1
result.84,6.733425297,0.831298556,2.650136356,-3.078102763,-28.10958457,95.77304567,1,1,1,0,0,1
result.85,4.443607999,0.878127308,3.123627825,-2.361922167,-23.56870106,92.83025479,1,1,1,0,0,1
result.86,6.184193261,0.887732713,3.128432434,-2.709169027,-26.91171538,100.1874861,1,1,1,1,1,1
result.87,4.144461255,0.838733384,3.629427977,-2.415872869,-28.48321235,107.3093319,1,1,1,0,0,1
result.88,5.12309814,0.875366194,3.190797799,-2.439552146,-21.94851854,101.8872306,1,1,1,0,0,1
result.89,3.980080846,0.887718035,2.80452033,-2.286454173,-24.48888949,101.0433296,1,1,1,0,0,1
result.90,3.741894577,0.972895904,3.160909081,-1.263337909,-10.14877626,90.08377102,1,0,1,1,1,0
result.91,5.112297507,0.939493013,3.189958985,-0.744129546,-8.511352807,96.42996152,1,1,1,1,1,1
result.92,5.460984426,0.951399881,2.671728721,-0.834419665,-4.642143572,90.39842358,1,0,1,1,1,1
result.93,5.262756759,0.834967857,3.010748284,-2.315554156,-25.21074376,105.3966396,1,1,1,0,0,1
result.94,5.665039287,0.854435246,2.395154142,-2.598007854,-28.23626253,105.2577276,1,1,1,0,0,1
result.95,4.258196581,0.902963593,3.839837006,-2.594237749,-25.25936455,96.78096613,1,1,1,0,0,1
result.96,5.200432799,0.848370165,3.651551141,-2.651244831,-25.84730487,93.90593661,1,1,1,0,0,1
result.97,5.765415286,0.916541631,1.789820289,-0.173824502,-1.042132629,98.07340016,1,1,1,1,1,1
result.98,5.815990729,0.796822101,2.177500353,-2.561803473,-26.78021122,100.4148323,1,1,1,0,0,1
result.99,6.740628653,0.865067599,1.936689376,-2.403469798,-25.1129312,104.2046584,1,1,1,0,0,1
result.100,7.781184831,0.886993564,2.747139591,-3.214185513,-29.93293409,96.394126,1,1,1,1,1,1
result.1,5.987043096,0.851479971,2.654239772,-2.315628044,-25.23889312,109.4786205,1,1,1,0,0,1
result.2,7.350124603,0.789628905,3.541335476,-2.768315903,-25.27258949,101.3790756,0,0,1,0,0,1
result.3,5.505079249,0.935438831,3.192943919,-1.227056638,-6.663103207,99.44469137,1,1,1,1,1,1
result.4,6.390962913,0.858572932,2.33787035,0.962487842,2.005281451,93.0706192,1,1,1,1,1,1
result.5,7.702654079,0.824052703,2.808437057,-2.748200705,-28.34709195,102.678905,0,1,1,0,0,1
result.6,5.193120571,0.916830038,3.327817953,-2.721147606,-28.75356878,99.11156582,1,1,1,1,1,1
result.7,3.666304255,0.963888964,3.279297334,-0.519068489,-4.517499511,93.30173374,1,0,1,1,1,1
result.8,3.609600805,0.96074227,2.656453502,-0.432523927,3.0783851,90.15113257,1,0,1,1,1,1
result.9,3.836275161,0.929745918,2.07220886,-2.262091259,-22.77745817,93.94024381,1,1,1,0,0,1
result.10,5.946034455,0.893313416,3.617899059,-0.231854931,-7.698953666,109.5781279,1,1,1,1,1,1
result.11,5.925829472,0.959684579,3.15171097,-1.261740573,-10.11366473,97.3252376,1,0,1,1,1,1
result.12,5.076026709,0.834795146,2.988528385,-2.190230307,-25.12709796,104.974225,1,1,1,0,0,1
result.13,3.263597736,0.913724444,3.251743591,-2.274223909,-24.20599863,101.3288338,0,1,1,0,0,1
result.14,5.013121592,0.931090104,2.162329756,0.073535465,3.988196975,95.92844514,1,1,1,1,1,1
result.15,4.632360391,0.938970778,3.781581497,-0.823358862,-6.239312297,103.3780406,1,1,1,1,1,1
result.16,4.20940096,0.939938974,2.987467697,-2.70247072,-26.27991757,91.96424986,1,1,1,0,0,1
result.17,5.618785611,0.912567896,2.600407212,-2.508282192,-28.36255669,103.8682946,1,1,1,0,1,1
result.18,5.153163947,0.916848944,2.681737789,-0.06036393,-2.496083814,99.00102417,1,1,1,1,1,1
result.19,3.589770858,0.904283924,3.236826839,-2.430256391,-27.40782218,97.98197712,1,1,1,0,0,1
result.20,4.063080021,0.960859893,4.172492131,-2.965085282,-26.30383637,88.19657087,1,0,1,1,1,0
result.21,2.878267017,0.967986164,4.644919934,-2.789197813,-29.40818201,96.81623226,1,0,1,1,1,1
result.22,4.696100202,0.911414747,4.251012047,-2.80553628,-25.85426817,99.14217392,1,1,1,1,1,1
result.23,4.748068911,0.875912105,2.559488938,-2.184726451,-24.38120985,97.92530652,1,1,1,0,0,1
result.24,6.682610768,0.860078917,2.006301196,-2.538818017,-25.5630422,99.05697941,1,1,1,0,0,1
result.25,5.133206092,0.870951325,3.827366489,-2.877314841,-28.34834291,100.6773052,1,1,1,0,0,1
result.26,5.823139091,0.881295557,2.829047696,-2.532151883,-25.38387443,98.03287469,1,1,1,0,0,1
result.27,5.218329039,0.880025033,3.222780731,0.507479337,-0.816350964,96.02739375,1,1,1,1,1,1
result.28,5.002623917,0.866249436,3.48376296,-2.6382247,-25.99036464,101.9342202,1,1,1,0,0,1
result.29,4.908792922,0.917907233,2.627546328,-2.529744257,-28.96425072,100.6350487,1,1,1,0,0,1
result.30,5.689188655,0.955264985,3.551266714,-1.241966552,-14.20428912,87.61281177,1,0,1,1,1,0
result.31,5.450445221,0.948800735,4.115596702,-0.799304327,-6.830520177,96.32277354,1,1,1,1,1,1
result.32,5.177741714,0.895104473,2.745662745,-2.167954635,-22.82696763,104.8997931,1,1,1,0,0,1
result.33,5.904090446,0.893980277,3.262991321,0.102002854,-4.126108513,102.4314131,1,1,1,1,1,1
result.34,5.775018442,0.916110398,2.651551647,-0.366640925,-3.913615011,100.2145849,1,1,1,1,1,1
result.35,5.095129737,0.858769995,3.913487781,-2.688962594,-26.78219297,101.4264342,1,1,1,0,0,1
result.36,3.336292353,0.934476959,2.98575293,-2.254267638,-27.87985515,96.92637055,1,1,1,0,0,1
result.37,5.658618879,0.925807495,2.228565093,-1.577995324,-16.92958813,104.0362776,1,1,1,1,1,1
result.38,3.83029472,0.973818147,2.198353223,-1.637968412,-14.50326804,93.16210622,1,0,1,1,1,1
result.39,6.092801449,0.907917226,2.993719324,-2.893338038,-29.97984627,100.9430145,1,1,1,1,1,1
result.40,4.380689128,0.905237205,3.244287337,-0.229686574,-6.10154725,105.4325916,1,1,1,1,1,1
result.41,5.123975932,0.895586746,2.343898077,-2.322638162,-26.69505543,95.9139629,1,1,1,0,0,1
result.42,4.792267242,0.870315134,2.670528422,-1.839668601,-21.37741387,107.4672098,1,1,1,0,0,1
result.43,4.664868401,0.911201246,3.308763815,0.197291761,-2.318863248,98.64292778,1,1,1,1,1,1
result.44,5.63094613,0.872540579,2.800456142,0.525369311,-1.545590502,104.4184843,1,1,1,1,1,1
result.45,5.145385669,0.890757507,3.368232692,0.17000419,-3.329196056,100.7333819,1,1,1,1,1,1
result.46,4.514671468,0.850193422,2.570428257,-2.484530876,-24.83933803,95.31482145,1,1,1,0,0,1
result.47,4.114752819,0.912396338,3.937410327,0.022839923,-4.132920387,99.12465118,1,1,1,1,0,1
result.48,4.237941918,0.90475021,2.817959189,-2.577901012,-26.65172472,93.90619227,1,1,1,0,0,1
result.49,4.816784903,0.864350116,4.165979219,-2.679609004,-27.56478624,103.4001844,1,1,1,0,0,1
result.50,3.027447117,0.925360411,1.61199672,-2.350588603,-24.50351184,99.50716899,0,1,1,0,0,1
result.51,4.047227269,0.888187548,2.735471287,-2.481468467,-26.08604466,90.92751006,1,1,1,0,0,1
result.52,5.003936912,0.92552477,3.266789078,-0.20210702,-1.645114901,106.7058102,1,1,1,1,1,1
result.53,3.674417893,0.973517361,3.728084946,-1.188626677,-7.494894692,95.87615157,1,0,1,1,1,1
result.54,3.824147218,0.902244351,3.585231367,-2.518371581,-24.89499323,92.73477851,1,1,1,0,0,1
result.55,4.433427015,0.884898627,2.819383799,-2.547920085,-26.17292534,101.0400639,1,1,1,0,0,1
result.56,4.282535863,0.883616685,2.918013666,-2.224938029,-25.55439666,98.37914623,1,1,1,0,0,1
result.57,3.630135655,0.877358477,3.372838709,-2.136843875,-23.69279365,102.3498271,1,1,1,0,0,1
result.58,5.571843751,0.942550821,2.630510963,-2.50372582,-30.45217597,99.88561831,1,1,1,1,1,1
result.59,3.638944393,0.871316618,3.337690859,-2.292569118,-25.38722925,103.7467817,1,1,1,0,0,1
result.60,5.360539309,0.957365373,2.063464742,-1.223079717,-9.359759693,87.17962383,1,1,1,1,1,0
result.61,5.561085886,0.885631953,2.875578931,-2.607357369,-26.86149746,101.3747746,1,1,1,0,0,1
result.62,5.052581611,0.945732666,2.751980322,-3.036294079,-32.92130231,96.7216529,1,1,1,1,1,1
result.63,4.717166123,0.942670148,2.116651528,-2.051609063,-22.14071178,109.0105269,1,0,1,0,1,1
result.64,4.888304608,0.945368932,2.12650102,-0.734429484,-3.693968534,91.0547444,1,1,1,1,1,1
result.65,4.815547949,0.890030256,3.109449916,0.292638048,-3.405719372,87.20956896,1,1,1,1,1,0
result.66,4.716597482,0.860901572,3.923568917,-2.619926656,-24.33826906,101.3597828,1,1,1,0,0,1
result.67,5.093363551,0.946623772,3.565098209,-0.895607571,-8.155288422,96.17994881,1,1,1,1,1,1
result.68,4.045361838,0.890730451,4.178646426,-2.563736337,-24.757335,103.3574089,1,1,1,0,0,1
result.69,6.314908535,0.892231258,2.768108515,-0.302318734,-5.921435494,94.31027111,1,1,1,1,1,1
result.70,4.497296813,0.942236185,2.893971622,-0.47879932,-2.76171321,93.61146694,1,1,1,1,1,1
result.71,4.349946349,0.905321506,2.988194585,0.613090308,1.200158289,101.3187157,1,1,1,1,1,1
result.72,5.975165699,0.900950879,3.634333077,-0.315465611,-4.439174043,100.0064083,1,1,1,1,1,1
result.73,4.588179574,0.94678068,3.569173104,-2.825821888,-28.76231018,100.9568582,1,1,1,1,1,1
result.74,5.34108179,0.872284912,2.092375337,-2.458866219,-27.04804609,107.9167643,1,1,1,0,0,1
result.75,6.343639538,0.867994188,3.120839936,0.105208884,-6.85658611,104.5637493,1,1,1,1,0,1
result.76,4.943785622,0.850490493,4.018539136,-2.522183873,-26.66754635,109.1689453,1,1,1,0,0,1
result.77,5.199775894,0.874340333,2.204769526,-2.523643506,-25.88635318,109.630056,1,1,1,0,0,1
result.78,4.335141448,0.963808209,2.955340078,-1.346691794,-12.08874406,94.43452079,1,0,1,1,1,1
result.79,5.399066467,0.915728599,2.137478545,-2.579446765,-29.86197001,96.38609329,1,1,1,0,0,1
result.80,6.697111103,0.836887975,2.737192105,1.005938141,1.696091113,106.3782297,1,1,1,1,1,1
result.81,4.805098477,0.908588677,3.59895332,-0.020529215,-3.963812114,104.6122535,1,1,1,1,1,1
result.82,5.665959613,0.908614562,3.188393842,-0.360027392,-5.464787612,92.80945062,1,1,1,1,1,1
result.83,4.303195981,0.958342182,1.80439047,-2.401290718,-25.64563685,87.1159838,1,0,1,1,1,0
result.84,5.233991868,0.915388574,3.241688434,-0.349303483,-5.405848671,98.54276418,1,1,1,1,1,1
result.85,2.979115164,0.983754965,2.124225565,-2.49608911,-30.45372253,97.09977756,1,0,1,1,1,1
result.86,4.897719868,0.892877921,3.759747312,-2.491795164,-22.21286452,103.1450482,1,1,1,0,0,1
result.87,4.869271656,0.926688668,3.018662857,-0.336538915,-6.807475718,91.52691117,1,1,1,1,1,1
result.88,5.915731882,0.87014971,2.706780878,0.481027202,-1.703258013,95.88847372,1,1,1,1,1,1
result.89,5.305572429,0.89514545,4.65397458,-3.049360052,-27.55594466,94.40507045,1,1,1,1,1,1
result.90,6.223228559,0.944008597,3.185937662,-1.268544275,-9.83747767,98.5565227,1,1,1,1,1,1
result.91,5.124630951,0.872054666,3.570466316,-2.625079965,-26.41707872,103.1572762,1,1,1,0,0,1
result.92,6.190585116,0.85364753,3.223165171,0.26345346,-4.339969632,108.5132458,1,1,1,1,1,1
result.93,4.45251882,0.871670944,1.753816361,-2.578716458,-26.0018479,95.35593743,1,1,1,0,0,1
result.94,4.68081267,0.883745647,4.190587301,0.128166228,-6.03259621,108.5012238,1,1,0,1,0,1
result.95,4.792728525,0.933407308,2.817054407,-2.551669761,-29.25662116,102.1752417,1,1,1,0,1,1
result.96,4.910698586,0.84416352,3.179997932,-2.398164661,-23.82667317,102.4386414,1,1,1,0,0,1
result.97,6.196595975,0.934427765,2.717351415,-1.390406245,-11.89627473,105.9116937,1,1,1,1,1,1
result.98,5.583948932,0.920943121,0.520834254,-2.480260273,-27.21958496,93.82975712,1,1,0,0,0,1
result.99,4.651341206,0.992282694,3.006457758,-1.860431011,-13.78209153,94.37796061,1,0,1,1,1,1
result.100,5.048315813,0.928488963,2.900948027,-2.12828692,-19.24167915,97.09410159,1,1,1,1,1,1
result.101,5.00850845,0.918560381,1.470989322,-2.058967946,-22.97756021,104.1094501,1,1,0,0,0,1
result.102,3.154774441,0.897104024,1.905420042,-2.270446844,-25.26928046,99.33149779,1,1,1,0,0,1
result.103,5.212993543,0.945338118,3.285386523,-0.720706046,-7.41987129,99.2485519,1,1,1,1,1,1
result.104,5.892771508,0.940611865,2.108094639,-1.501452385,-13.11007739,99.77643565,1,1,1,1,1,1
result.105,4.430607187,0.974338266,3.436151534,-1.600371099,-10.55251375,99.48893656,1,0,1,1,1,1
result.106,4.424887738,0.877190324,2.721230041,-2.384202735,-27.06276785,109.3442264,1,1,1,0,0,1
result.107,5.209411929,0.952459297,4.142163852,-1.870781753,-13.28649936,115.0403594,1,1,1,1,1,0
result.108,6.408502789,0.936437072,2.525581852,-1.033887364,-11.71912355,91.07990267,1,1,1,1,1,1
result.109,4.885563994,0.899995556,2.647919711,0.963389524,4.896576561,94.16995213,1,1,1,1,1,1
result.110,7.212730342,0.870596362,2.930586987,-0.31247614,-7.631984296,96.38862647,1,1,1,1,1,1
result.111,5.127214546,0.923524755,3.535491703,-2.397092344,-22.75222539,96.21124669,1,1,1,1,1,1
result.112,5.184531529,0.876988353,1.327367228,-2.067499728,-24.38980954,102.3990976,1,1,0,0,0,1
result.113,4.746853676,0.930197682,1.992039997,-1.992634879,-19.26867912,106.9400185,1,1,1,0,0,1
result.114,6.808113446,0.882089777,2.89990857,-2.798612228,-25.87133048,105.9711899,1,1,1,0,1,1
result.115,4.076615178,0.901235426,2.151836614,-2.223047052,-22.94322842,97.01698696,1,1,1,0,0,1
result.116,5.248669147,0.927560956,3.781574909,-0.666376046,-9.567322815,103.2184272,1,1,1,1,1,1
result.117,5.556997602,0.908043475,3.050257851,-2.622363276,-27.63612979,98.704177,1,1,1,0,1,1
result.118,3.957816618,0.899107859,3.053495711,-2.255426493,-23.73856069,105.1352411,1,1,1,0,0,1
result.119,4.782193297,0.866598087,2.952920938,-2.53354097,-26.05980471,99.03274255,1,1,1,0,0,1
result.120,5.32598556,0.945010014,3.196290666,-0.85051077,-9.066454197,91.45626711,1,1,1,1,1,1
result.121,6.658363877,0.88396628,3.61651634,-0.142258663,-6.577589872,103.9837984,1,1,1,1,1,1
result.122,5.749404629,0.873622667,3.421886887,-0.082197385,-5.365254533,99.99610201,1,1,1,1,1,1
result.123,4.427100787,0.891451827,2.390779843,-2.12070342,-25.02879168,103.754885,1,1,1,0,0,1
result.124,5.620265571,0.901734983,3.663005148,-2.751586316,-25.50099157,108.1582801,1,1,1,1,1,1
result.125,7.182754992,0.800734838,2.029270723,-2.512255382,-26.3561775,103.7375938,1,1,1,0,0,1
result.126,6.29520465,0.934684141,2.107328396,-1.084805102,-7.180770507,96.73668009,1,1,1,1,1,1
result.127,5.00793038,0.819711009,2.973277564,-2.297184678,-23.61792534,96.90127678,1,1,1,0,0,1
result.128,5.289756886,0.87899016,3.869121472,0.009563859,-7.487868113,100.2150786,1,1,1,1,0,1
result.129,4.270568445,0.904399579,3.933350962,0.112750038,-7.210193116,98.0874409,1,1,1,1,0,1
result.130,4.713723602,0.946233431,1.520144663,0.076501442,7.99104895,95.60974233,1,0,1,1,1,1
result.131,4.815154137,0.927413511,3.372210866,-2.400054415,-26.91345519,102.805007,1,1,1,1,1,1
result.132,3.060903463,0.911340088,2.996612004,-2.308244437,-25.56794387,96.17272142,0,1,1,0,0,1
result.133,6.10487568,0.915675472,3.053698238,-3.226147136,-31.80173492,88.07006843,1,1,1,1,1,0
result.134,4.915567767,0.910521577,2.738868218,-2.650115652,-28.27516739,99.64750003,1,1,1,0,0,1
result.135,5.189083681,0.900907961,1.79816084,-2.634444889,-26.64122048,93.85161251,1,1,1,0,0,1
result.136,2.58240281,0.945614017,3.207875099,-2.364831664,-24.6057574,101.5460334,0,1,1,0,0,1
result.137,7.199424831,0.869608341,2.463588361,-0.14863933,-6.024225808,104.692598,0,1,1,1,1,1
result.138,5.463111183,0.872706221,2.314985856,-2.442962185,-26.68603262,108.674716,1,1,1,0,0,1
result.139,4.59036083,0.853239077,2.287662766,-2.391743642,-27.05514836,95.58432626,1,1,1,0,0,1
result.140,5.479284615,0.932151848,3.783854255,-0.731904536,-9.164851067,97.54212364,1,1,1,1,1,1
result.141,6.327954519,0.834266852,3.729568828,-2.750100547,-25.3650226,105.6645191,1,1,1,0,0,1
result.142,4.352518816,0.861184547,2.793418299,-2.453225378,-25.70939325,96.31890697,1,1,1,0,0,1
result.143,5.152288221,0.905482429,3.724483293,-0.212967625,-6.029707254,96.70941118,1,1,1,1,1,1
result.144,4.593626342,0.855655932,3.363921966,-2.594888444,-26.15163271,86.87705762,1,1,1,0,0,0
result.145,5.298123737,0.906808606,3.892638208,-2.877795287,-29.71288812,97.68088243,1,1,1,1,1,1
result.146,2.577382292,0.956333157,3.847939934,-2.400889236,-24.34975291,87.12591514,0,0,1,0,0,0
result.147,4.306808224,0.952603606,4.706417115,-0.820242342,-8.615272089,95.35862963,1,0,1,1,1,1
result.148,6.559250999,0.920377063,3.376865196,-0.811922004,-9.415376144,103.0263796,1,1,1,1,1,1
result.149,4.275488656,0.890709073,2.868387625,-2.277513536,-24.68194756,95.13575309,1,1,1,0,0,1
result.150,4.99687269,0.900624476,4.279045227,-2.909742409,-27.371187,93.99944231,1,1,1,1,1,1
