"","gcov2"
"1",6.05761895938273
"2",4.85214486681254
"3",10.6996790130584
"4",13.2925902107836
"5",7.29323775336647
"6",9.61721810659524
"7",9.85702036453231
"8",12.1917012267414
"9",7.20428938191455
"10",2.29509782119365
"11",7.27012369068312
"12",11.5206632335329
"13",14.3849038141816
"14",7.34889575397879
"15",5.62307285240058
"16",11.1929660856686
"17",9.10664693602423
"18",18.2934543424689
"19",6.65986693021757
"20",3.20404031889025
"21",36.5228409014056
"22",20.4790438643216
"23",13.4249771170416
"24",5.81344888982569
"25",8.62287084988156
"26",21.8427759686707
"27",14.9825673078043
"28",6.1593687995057
"29",11.7094196198781
"30",26.9784756617215
"31",7.69820349282697
"32",18.5023384576991
"33",6.56978101388758
"34",13.0598844440862
"35",18.8883742584263
"36",12.7626014112695
"37",29.9104878998809
"38",11.9099929727492
"39",9.85502995712952
"40",9.04120472981947
"41",8.48903419011741
"42",11.7952600977359
"43",17.5662111767879
"44",19.0341839273182
"45",20.8534041837011
"46",6.74856484580252
"47",24.8517373548834
"48",24.0443394722638
"49",9.9536427525813
"50",9.4528938252634
"51",10.9881878856466
"52",5.96170246462055
"53",18.0011093295941
"54",24.8936250556323
"55",13.2842947114058
"56",3.7154575199872
"57",16.4301015093887
"58",7.59287888383768
"59",20.3330286492291
"60",6.81958508848763
"61",2.65014581657183
"62",12.6081816187954
"63",10.6731132022733
"64",17.8665765569122
"65",5.5271874753305
"66",5.57215099357343
"67",12.7516335478841
"68",17.3637013815842
"69",29.1131110624556
"70",16.6639888138889
"71",16.4118133781594
"72",19.9462151006307
"73",12.331030776324
"74",11.8761377104955
"75",17.6040912993497
"76",11.83125137185
"77",17.4662556952872
"78",3.81965993284105
"79",10.4282804106648
"80",14.8095983520812
"81",8.57373363019222
"82",23.6298802874415
"83",3.92940015162437
"84",16.1382904821514
"85",11.7936222684563
"86",6.48662209638769
"87",11.8435349605693
"88",6.16881413699585
"89",8.73291344293423
"90",3.80531965440789
"91",3.8462243793174
"92",20.7217655685483
"93",17.1862687681312
"94",10.9729953840864
"95",18.2138435706976
"96",18.4045416213078
"97",6.70593134050927
"98",14.7947140755155
"99",14.2368414947899
"100",7.17156866037503
"101",5.90829274738058
"102",19.2767923170191
"103",11.1304480127141
"104",9.13472506317519
"105",7.40013371318586
"106",17.215098391451
"107",7.3016931322113
"108",4.72462843831913
"109",12.546595895321
"110",1.43579234120299
"111",3.89420838187464
"112",18.3543545499525
"113",11.0472184400931
"114",16.0840721084759
"115",24.0476012912037
"116",8.8687454080925
"117",14.1222995426549
"118",12.3451131867054
"119",4.63646318189639
"120",15.8508476869588
"121",6.98816993441383
"122",6.67865502660657
"123",7.24111140812587
"124",7.42033522606819
"125",6.03987620343792
"126",8.62829098102189
"127",15.7535435832113
"128",7.68697058910224
"129",13.194773678692
"130",8.90537116263851
"131",13.0317903739128
"132",3.17855478365493
"133",12.7339114146895
"134",8.10009583420634
"135",8.48168221608574
"136",19.2089566518072
"137",11.7435714444697
"138",17.3808129689778
"139",25.2100702642941
"140",17.2329356465001
"141",8.30661401073654
"142",11.7644715251512
"143",11.2766392809296
"144",7.66011591102417
"145",11.4253715008944
"146",7.51244359405446
"147",22.6078674143245
"148",37.8752449315009
"149",3.2282482998994
"150",27.4302313101268
"151",13.6305706663707
"152",13.7894157260932
"153",9.6533468274823
"154",11.3288758460496
"155",29.0001236196641
"156",4.66672691343906
"157",15.6534134291319
"158",26.597402561685
"159",14.901028953666
"160",18.5383443946952
"161",20.7689845509482
"162",9.75844919726598
"163",23.3207294859503
"164",15.9899999185281
"165",11.6124055657101
"166",0.445507912617078
"167",3.83138358797225
"168",7.54825861297084
"169",24.0102626972862
"170",9.2920432617731
"171",11.2564363367356
"172",11.4916131101114
"173",6.81931359503253
"174",17.9190526042062
"175",12.1445809489338
"176",19.7238368807939
"177",2.6556344378632
"178",19.7552111498808
"179",12.0089844971316
"180",6.72284077236684
"181",9.83702085701166
"182",11.630619553698
"183",6.68944053067768
"184",15.3572158741912
"185",7.51455952618158
"186",4.52894716140934
"187",12.5870058612661
"188",7.98815648546625
"189",11.5611025584614
"190",10.1133244858022
"191",19.2729074888427
"192",11.7863058458817
"193",10.1964953488491
"194",6.0770208749181
"195",12.0031949110169
"196",12.8807077690173
"197",17.8524560668783
"198",5.68099753643549
"199",0.86668682109995
"200",5.72159693007857
"201",21.0919039561772
"202",19.8935303469736
"203",5.07228530436182
"204",10.8689599177893
"205",18.4305848239844
"206",14.1311524887053
"207",6.40873945612869
"208",5.60984155315411
"209",12.899874267419
"210",25.6194171937362
"211",23.3535692731606
"212",6.18471785746896
"213",6.44481305014494
"214",4.50786178296856
"215",2.26328174058993
"216",15.4403710556147
"217",7.32724421013707
"218",19.3738626142553
"219",8.60256158535616
"220",6.7211400012643
"221",15.6411111681939
"222",10.7760416255978
"223",18.8281966132442
"224",10.386190937985
"225",4.86215039692947
"226",4.99099351366839
"227",25.9056440300785
"228",23.75729297529
"229",20.4271891424394
"230",5.68331803039391
"231",10.9712347549376
"232",13.7831743241016
"233",30.4965997049191
"234",7.26259959358152
"235",9.13787434919782
"236",10.8284454269504
"237",8.34105565526839
"238",30.0656642140978
"239",9.28223005820933
"240",8.44476007861049
"241",6.84902589104312
"242",2.22060805655444
"243",2.04279531712825
"244",2.90696577968985
"245",15.0678784031223
"246",10.9563721524383
"247",15.8256321669256
"248",5.78178799933624
"249",2.65766185381137
"250",12.5835976161349
"251",26.5730941001939
"252",24.9533011878064
"253",16.682136147952
"254",8.9816715418946
"255",9.88698688964252
"256",7.89197646333533
"257",19.8847904418824
"258",8.16059555163893
"259",13.2265950411947
"260",7.15632133167445
"261",4.11987089821694
"262",4.93450198101024
"263",2.77782589068285
"264",7.4046481091267
"265",28.4095763141178
"266",3.35478028595202
"267",7.67356199736249
"268",21.3104913600654
"269",9.51321475556934
"270",38.2441697084726
"271",9.0624313609495
"272",8.91528557564794
"273",10.0877107370665
"274",11.9914435069613
"275",11.3586094414491
"276",23.6893915099501
"277",16.8515084559457
"278",7.93021528950187
"279",5.80317861307396
"280",10.1487119970041
"281",2.92365643422897
"282",7.74008261961177
"283",13.2055601720187
"284",12.1823384453382
"285",37.7621352103996
"286",21.2804397775665
"287",11.0099962783314
"288",4.00057022265884
"289",12.26705755512
"290",19.7253670848953
"291",18.8952550416773
"292",8.8791838716508
"293",19.7723561612768
"294",14.3474329559455
"295",7.0224618629256
"296",10.997646697614
"297",6.89174339563877
"298",7.55494722965141
"299",10.610607511255
"300",18.0426714700403
"301",27.6643492038622
"302",5.16169575361338
"303",7.49406046455988
"304",11.596715866441
"305",15.610288821243
"306",13.3858121591622
"307",7.78189667000433
"308",14.4148930218005
"309",25.4833070822917
"310",15.5459140445295
"311",17.1290234648924
"312",5.87116365480714
"313",4.01599749315816
"314",3.33257667216813
"315",7.4194932011661
"316",9.74489307911035
"317",6.94905782313919
"318",7.27197225692271
"319",2.41219946033821
"320",6.14701046012799
"321",16.315400496944
"322",2.68943023425627
"323",12.859800253375
"324",6.57287437886127
"325",9.82939811800627
"326",3.98252415268261
"327",10.5399921891204
"328",18.0844783730895
"329",8.6708851709594
"330",10.4449424355404
"331",4.65143487807056
"332",23.8422927711826
"333",4.34830212530544
"334",6.63245753145597
"335",9.9256588588089
"336",4.15585463844695
"337",7.0411245391389
"338",6.32049302631718
"339",15.3124320125059
"340",13.9865055579961
"341",8.47238594544861
"342",1.13154138603261
"343",13.8538215763689
"344",7.99715332741441
"345",10.1451840545167
"346",10.4576398428553
"347",4.30370979546888
"348",25.1732415577874
"349",4.7586276582101
"350",14.0231255889022
"351",16.0069661506645
"352",7.96318095926778
"353",9.16361033515112
"354",7.07151939789836
"355",11.7226334294192
"356",16.9531409085737
"357",7.9742137219392
"358",28.5046590276029
"359",12.3048996707802
"360",26.6150509195639
"361",19.3494456703868
"362",30.194473626288
"363",6.51980803100669
"364",11.7437731787608
"365",0.825571074155625
"366",19.1477773903028
"367",14.061354983429
"368",17.8535949420595
"369",24.7002357220985
"370",9.09134198389009
"371",11.8507763750958
"372",23.6011867882517
"373",24.7199908130947
"374",2.83533320291682
"375",8.11255495868735
"376",4.31987852489785
"377",9.46242862825514
"378",8.154940714702
"379",20.0136290436505
"380",12.940393060763
"381",7.11910190944518
"382",9.33469445423188
"383",11.3574428379508
"384",3.37684543346758
"385",18.840020130711
"386",9.53253352727237
"387",10.3477649756102
"388",19.1383369769266
"389",7.09584729054406
"390",12.2128632723006
"391",3.88581611639494
"392",13.8000447208855
"393",7.57249551748238
"394",9.2872429801466
"395",15.6350015761889
"396",16.800378613179
"397",10.0097553007122
"398",13.0298386892289
"399",25.9621650664137
"400",6.26148751298227
"401",16.1268422281039
"402",17.0477191000945
"403",20.1508287869916
"404",23.61962882054
"405",16.983612972267
"406",14.5400207603214
"407",17.5215995394763
"408",19.2571183985641
"409",12.5842845853992
"410",23.9440279057847
"411",22.886747495125
"412",10.8851610615417
"413",10.3056546006509
"414",8.02116933611161
"415",6.42605635294072
"416",33.2201376317356
"417",18.0035902436774
"418",15.7034544840629
"419",8.06294489639011
"420",8.8572992279411
"421",12.5035979959596
"422",4.71898930478423
"423",4.25223510984417
"424",14.1417727470731
"425",8.18177544835344
"426",14.2602592113367
"427",15.7564315092402
"428",14.8858561549635
"429",3.48202909163135
"430",15.2616304200027
"431",12.8832767263187
"432",11.3585215771806
"433",8.62417576513321
"434",21.0248166695494
"435",14.0234017267696
"436",20.4228088435099
"437",4.12435673109718
"438",12.4216780356348
"439",37.2455440503565
"440",12.582017488537
"441",10.7005670107721
"442",9.05994488726289
"443",7.60348516736993
"444",10.9799188651075
"445",15.810520367417
"446",11.6057563709028
"447",12.9847068222215
"448",9.41925163467569
"449",7.76601066791145
"450",8.78126617248953
"451",17.8813999460087
"452",13.4254048033861
"453",5.62713297931244
"454",6.34355583947932
"455",16.3862218413684
"456",12.4146793929361
"457",9.01322600014137
"458",8.85727160161151
"459",22.1638182718036
"460",10.5761645043279
"461",15.7877537990847
"462",10.6189967334453
"463",20.2124640669294
"464",8.45244982318016
"465",5.52346574666297
"466",9.16740927553735
"467",16.5021041919628
"468",19.6117417110356
"469",17.2968981372842
"470",27.2463335096815
"471",9.99231101434929
"472",14.1828189761156
"473",19.433341229387
"474",19.4278474127615
"475",2.24607517483393
"476",21.5558965764871
"477",10.8586471531718
"478",19.0290150900774
"479",8.03179821506694
"480",24.0009586325793
"481",10.426748483058
"482",7.44470214286131
"483",13.458514573755
"484",10.604420653272
"485",16.2881417187467
"486",8.07729620163638
"487",16.0658941369476
"488",12.5126074091733
"489",10.5447306662388
"490",21.8435475923672
"491",13.9493941945689
"492",9.41051907712728
"493",13.7517255785571
"494",17.8063244913573
"495",11.9368633158447
"496",7.9857284348852
"497",12.0047856100897
"498",8.74805295818631
"499",11.6334622491196
"500",8.4591949251078
"501",4.73526035868905
"502",26.3784717587047
"503",13.9511136192702
"504",10.0791090106172
"505",14.9392692035953
"506",10.0464177707788
"507",10.8195853916901
"508",8.44273832456838
"509",24.7787181757011
"510",15.3446064089277
"511",10.2541888996957
"512",6.72322395372938
"513",8.21068337846991
"514",17.8773970926398
"515",5.26858976267953
"516",9.90713114387351
"517",3.91186464562176
"518",11.6529618170685
"519",12.6690174263549
"520",8.12839359886023
"521",26.4381650884215
"522",3.43096879984981
"523",27.2670664954503
"524",9.16162276496374
"525",1.86616209098233
"526",14.1319532768445
"527",14.6722920556865
"528",16.9011083342806
"529",10.7503908480942
"530",22.2353362770958
"531",5.85147499208606
"532",22.16768020866
"533",21.4719591235012
"534",9.77814168220466
"535",22.1383869544701
"536",10.2561539033727
"537",13.3335882148482
"538",3.19622121616979
"539",10.6054317262905
"540",13.5974490633635
"541",11.8223636920376
"542",28.423185817409
"543",8.70068404476602
"544",22.0443767215368
"545",2.85840233272305
"546",8.80365125213437
"547",3.90407157084701
"548",6.70421605070513
"549",7.38426161182857
"550",21.707193796667
"551",5.60136445529623
"552",15.5794966914964
"553",11.371265433097
"554",11.8558760242649
"555",13.6579263721688
"556",13.7239870460328
"557",4.68815823986358
"558",14.4403702003742
"559",13.607309065773
"560",45.5928518781343
"561",10.6917093074406
"562",10.7244506986202
"563",22.8948437263696
"564",11.5454877270227
"565",6.70033268018281
"566",10.2260948629527
"567",13.0894474346292
"568",22.1317318700127
"569",27.9076568624555
"570",13.9722657645022
"571",9.0555646371388
"572",24.3827003533628
"573",18.8139723899956
"574",2.15838817954382
"575",6.6188788103731
"576",8.47365714223283
"577",17.0030048120983
"578",13.5478439217624
"579",10.0107977422932
"580",6.05109741662169
"581",8.52926467723565
"582",15.0525699136423
"583",17.5604251561539
"584",24.0522865192801
"585",9.05974151261725
"586",12.2993588558606
"587",9.79145103995063
"588",29.7318134932099
"589",9.74350993834268
"590",9.17828771911333
"591",7.84104347928844
"592",22.2967538569841
"593",4.37946360285651
"594",17.2340527585627
"595",43.6703988163219
"596",19.0864150330081
"597",11.7819122783051
"598",8.30494360698784
"599",7.87219302015845
"600",9.01226720443863
"601",4.36612245547326
"602",7.90952184675364
"603",4.26247491957856
"604",8.00327891561084
"605",7.68877239810958
"606",29.7072180882129
"607",5.35212335173668
"608",7.8856507920297
"609",5.60935590788532
"610",3.56642513087766
"611",14.1989871440678
"612",14.3886861932476
"613",9.33285947968309
"614",8.68551193164093
"615",7.68313712611269
"616",9.79997728638782
"617",5.18733967426605
"618",2.05297606085383
"619",13.4492718355902
"620",6.94996595984069
"621",13.5369571357606
"622",7.19126154655544
"623",5.42394265782258
"624",3.39774086141304
"625",5.68734474513178
"626",9.22695935986945
"627",5.21178206891735
"628",21.2195109943955
"629",9.19979597749665
"630",12.4849138130104
"631",9.22810495592825
"632",9.21845147049048
"633",6.07240685214404
"634",30.1064233601783
"635",14.5225030354213
"636",13.0613042369373
"637",13.1798523128072
"638",6.01511948307222
"639",17.3047191779669
"640",2.45232031003215
"641",26.7913109461218
"642",33.7977996513242
"643",18.6114423712921
"644",14.6510935124422
"645",14.2820740065235
"646",10.2507999872029
"647",7.41448645897598
"648",7.14381255907646
"649",20.9943766393811
"650",6.43862587932016
"651",16.3677331508547
"652",14.8754304350333
"653",8.66730322418295
"654",7.18482452442398
"655",2.74115621553658
"656",36.1572154595809
"657",9.37037642794472
"658",10.8337633451133
"659",17.9082438080233
"660",18.4086689044832
"661",3.11040526761974
"662",27.0237389169532
"663",13.5720033284523
"664",20.3842479934392
"665",6.90514843009195
"666",19.2661241050625
"667",16.131463793035
"668",9.11291977772174
"669",12.5496726482462
"670",6.72269642045166
"671",15.4941515162789
"672",17.4866475722988
"673",16.4472195665262
"674",14.1715891204647
"675",3.492739562513
"676",4.60835724129168
"677",23.779091657538
"678",11.922687936707
"679",9.55595134547955
"680",21.2651135575066
"681",20.177657048576
"682",8.05510256390183
"683",17.6101031499703
"684",16.6682465655232
"685",10.3392323833359
"686",7.32198001800516
"687",10.3121741173386
"688",19.0812773662757
"689",15.606769157158
"690",15.9699022808188
"691",8.58439966191382
"692",4.35278003788436
"693",8.35361225288353
"694",9.93777061813742
"695",21.3286213555117
"696",8.80402336678111
"697",8.59699746322238
"698",4.0912655707716
"699",13.0710345302578
"700",11.8376218355292
"701",11.3666497343824
"702",20.3843168414257
"703",6.09803009087582
"704",7.02586012310217
"705",4.58077915022807
"706",7.85878405803028
"707",3.80616192520337
"708",13.3701759747846
"709",7.97043495377134
"710",14.9173101674336
"711",17.524794077244
"712",9.22915166129211
"713",14.2243117852124
"714",8.93654931676938
"715",6.34372258564799
"716",5.22086505012303
"717",10.5579363952039
"718",3.70906422626725
"719",12.9839368678976
"720",11.5877493826299
"721",4.50619109110746
"722",12.4002028735406
"723",16.8166413387894
"724",7.81190405125246
"725",9.33996353758737
"726",7.4316789194135
"727",21.3055448689798
"728",16.137189866401
"729",20.0368239547807
"730",9.07375979085357
"731",16.5456152048723
"732",7.21561529930548
"733",15.4141992906435
"734",17.6206812392975
"735",7.91807667939575
"736",7.27117556695155
"737",19.4196471252249
"738",27.4097388704477
"739",3.76440444221318
"740",20.6419506945685
"741",12.6122616389306
"742",18.6357863349473
"743",10.7761631916083
"744",8.31778650639066
"745",7.2281750814985
"746",3.12453776390094
"747",14.2334862797327
"748",3.50662263974597
"749",7.83704161431094
"750",14.1022603993335
"751",9.36942666581773
"752",5.0734180233989
"753",10.3873006838937
"754",9.94397219760227
"755",19.4539560970802
"756",8.43876519290073
"757",17.9632407228574
"758",18.7473539233228
"759",12.9758084834318
"760",11.8278480891612
"761",8.92132751240042
"762",14.1121715066156
"763",17.0680399409936
"764",17.9604007662136
"765",10.695574515131
"766",26.5293566642301
"767",25.7276663911183
"768",27.7997321818321
"769",6.70422363306908
"770",15.3064920213113
"771",8.50754012905004
"772",10.6812774028018
"773",8.5559611719715
"774",13.494412236483
"775",15.5854587239448
"776",20.3351757163615
"777",10.7775042390623
"778",8.65686547215915
"779",33.7203958620846
"780",10.648004370594
"781",18.9285899110904
"782",12.7932964084457
"783",7.37082331988084
"784",6.17286352655015
"785",25.9276697764241
"786",4.68132767908976
"787",26.2933897074616
"788",6.55267164214144
"789",13.0726302470446
"790",29.0510795928694
"791",7.3422891235084
"792",8.20419432209381
"793",21.6907143242223
"794",8.48715941130748
"795",4.74207877112819
"796",14.7707594150544
"797",9.10740147551393
"798",2.01458092015304
"799",13.4921596357478
"800",5.88476602535171
"801",8.74815927391596
"802",10.0129466569692
"803",13.0707572934338
"804",9.17086248603274
"805",8.18136001219321
"806",17.6322143582558
"807",5.26986023217794
"808",12.7723626401663
"809",15.2043381255824
"810",2.57833885672115
"811",6.98814449833765
"812",4.319292712113
"813",7.44758900494469
"814",12.0892252663496
"815",2.43213543921911
"816",23.2914684921649
"817",10.8417364525649
"818",9.73228991862399
"819",11.4473719371702
"820",8.74383576607744
"821",28.9642961383483
"822",10.6747519629977
"823",26.0932000079552
"824",8.57046160047802
"825",13.6896195269888
"826",8.18476431061274
"827",6.35366176011892
"828",21.4827478074268
"829",11.3364311811868
"830",15.9965890042911
"831",29.4188504439361
"832",5.18945306586491
"833",15.5191582096998
"834",15.9100640068496
"835",21.8546582063432
"836",18.9363183312288
"837",21.6891637106982
"838",9.37073721171413
"839",8.4960185119506
"840",9.35427616636949
"841",35.9643634473661
"842",17.2189123126303
"843",14.1399194216568
"844",13.7956894127051
"845",9.25882320547794
"846",22.8087096834901
"847",9.47389094938643
"848",6.71354596188907
"849",13.6591591404887
"850",19.2413069825299
"851",10.4742333131574
"852",5.95835113911936
"853",16.2803251870577
"854",11.373565431812
"855",6.62948605443342
"856",3.07233775091063
"857",3.20692549705927
"858",23.3090958860755
"859",12.1446125272448
"860",6.73308308102882
"861",16.8067268799435
"862",6.95644965159684
"863",34.9822443397145
"864",8.88716865208982
"865",4.32344549458151
"866",23.0893352714066
"867",8.36046545714012
"868",9.41526116412116
"869",13.7516278277021
"870",9.12053982872036
"871",6.49352331938425
"872",32.7991383962756
"873",6.56042556752859
"874",9.84755289129398
"875",19.0737680192062
"876",7.42222947302848
"877",6.18167287569878
"878",10.6100104425419
"879",5.86275412022208
"880",6.45761427701114
"881",1.9325942677631
"882",17.7689635376521
"883",10.1793849342855
"884",5.82060718845262
"885",2.67243669757554
"886",5.23863040537712
"887",31.0844399620292
"888",5.64647869152909
"889",12.4589053192695
"890",15.6551879994849
"891",9.59938910894366
"892",7.89513412980897
"893",4.91768972555067
"894",21.107893919203
"895",2.85698353810983
"896",8.40021440463899
"897",13.4035882386617
"898",26.8754334685445
"899",5.13970195262578
"900",11.2205145254783
